# Complex refractive index of bare aluminium, n(lambda) + i k(lambda), 0.6-25.0 um.
#
# source: MODELLED, NOT MEASURED -- the Drude free-electron model
#   eps(w) = 1 - wp^2 / (w^2 + i Gamma w), with wp = 12.53 eV and Gamma = 0.0759 eV.
#   Free-carrier response is the right physics for a metal far below its plasma frequency, which
#   the whole infrared is; aluminium's interband structure sits in the ultraviolet. The two
#   parameters are chosen so the model reproduces the commonly quoted n = 25.3, k = 89.8 at
#   10 um, and both land inside the spread of published Drude fits for Al. Replace with a
#   measured table (Ordal et al. 1985, or Rakic et al. 1998) when one is obtainable; the loader
#   and every consumer are unchanged by the swap.
#
# Generated by scripts/generate_nk_tables.py on 2026-09-15 (roadmap M7.5).
# Check values from this model: n(4.0 um) = 4.77, k = 39.54; n(10.0 um) = 25.31,
#   k = 89.83. Normal-incidence emissivity at 10 um: 0.01156.
# Columns: wavelength in MICROMETRES, then n, then k.
wavelength_um,n,k
0.60000,0.11281,5.97757
0.60563,0.11491,6.03521
0.61132,0.11705,6.09338
0.61706,0.11922,6.15208
0.62286,0.12144,6.21131
0.62871,0.12370,6.27108
0.63461,0.12600,6.33140
0.64057,0.12835,6.39227
0.64659,0.13074,6.45369
0.65266,0.13318,6.51567
0.65879,0.13566,6.57822
0.66498,0.13819,6.64135
0.67122,0.14076,6.70504
0.67753,0.14338,6.76933
0.68389,0.14606,6.83420
0.69031,0.14878,6.89966
0.69680,0.15156,6.96572
0.70334,0.15438,7.03239
0.70994,0.15726,7.09967
0.71661,0.16020,7.16756
0.72334,0.16319,7.23608
0.73014,0.16624,7.30523
0.73699,0.16934,7.37501
0.74391,0.17250,7.44543
0.75090,0.17572,7.51649
0.75795,0.17901,7.58821
0.76507,0.18235,7.66059
0.77226,0.18576,7.73363
0.77951,0.18923,7.80735
0.78683,0.19276,7.88174
0.79422,0.19637,7.95681
0.80168,0.20004,8.03258
0.80921,0.20378,8.10904
0.81681,0.20759,8.18620
0.82448,0.21147,8.26408
0.83222,0.21543,8.34267
0.84004,0.21946,8.42198
0.84792,0.22356,8.50202
0.85589,0.22774,8.58280
0.86393,0.23200,8.66433
0.87204,0.23635,8.74660
0.88023,0.24077,8.82963
0.88850,0.24527,8.91343
0.89684,0.24987,8.99800
0.90526,0.25454,9.08335
0.91376,0.25931,9.16948
0.92235,0.26416,9.25641
0.93101,0.26911,9.34414
0.93975,0.27415,9.43267
0.94858,0.27928,9.52203
0.95749,0.28451,9.61220
0.96648,0.28984,9.70321
0.97555,0.29527,9.79506
0.98472,0.30080,9.88775
0.99396,0.30643,9.98130
1.00330,0.31217,10.07571
1.01272,0.31802,10.17099
1.02223,0.32398,10.26715
1.03183,0.33005,10.36419
1.04152,0.33623,10.46213
1.05130,0.34253,10.56097
1.06118,0.34895,10.66073
1.07114,0.35549,10.76140
1.08120,0.36215,10.86300
1.09136,0.36894,10.96554
1.10161,0.37585,11.06903
1.11195,0.38289,11.17346
1.12240,0.39007,11.27886
1.13294,0.39738,11.38524
1.14358,0.40483,11.49259
1.15432,0.41241,11.60093
1.16516,0.42014,11.71027
1.17610,0.42802,11.82062
1.18714,0.43604,11.93199
1.19829,0.44421,12.04438
1.20955,0.45254,12.15780
1.22091,0.46102,12.27228
1.23237,0.46966,12.38780
1.24395,0.47846,12.50439
1.25563,0.48743,12.62206
1.26742,0.49656,12.74080
1.27932,0.50587,12.86064
1.29134,0.51535,12.98159
1.30347,0.52501,13.10365
1.31571,0.53485,13.22683
1.32806,0.54487,13.35114
1.34054,0.55508,13.47660
1.35313,0.56548,13.60321
1.36583,0.57608,13.73098
1.37866,0.58687,13.85993
1.39161,0.59787,13.99007
1.40468,0.60907,14.12140
1.41787,0.62048,14.25394
1.43119,0.63211,14.38770
1.44463,0.64395,14.52268
1.45819,0.65601,14.65891
1.47189,0.66830,14.79638
1.48571,0.68082,14.93512
1.49966,0.69357,15.07513
1.51375,0.70656,15.21642
1.52796,0.71979,15.35901
1.54231,0.73327,15.50291
1.55680,0.74701,15.64813
1.57142,0.76099,15.79467
1.58618,0.77524,15.94256
1.60107,0.78975,16.09180
1.61611,0.80454,16.24241
1.63129,0.81960,16.39440
1.64661,0.83494,16.54778
1.66207,0.85057,16.70256
1.67768,0.86649,16.85876
1.69344,0.88270,17.01638
1.70934,0.89922,17.17544
1.72539,0.91604,17.33595
1.74160,0.93318,17.49793
1.75795,0.95063,17.66139
1.77446,0.96841,17.82634
1.79113,0.98652,17.99279
1.80795,1.00497,18.16076
1.82493,1.02376,18.33026
1.84207,1.04290,18.50130
1.85937,1.06239,18.67389
1.87683,1.08225,18.84806
1.89446,1.10248,19.02381
1.91225,1.12308,19.20116
1.93021,1.14406,19.38011
1.94833,1.16543,19.56070
1.96663,1.18720,19.74291
1.98510,1.20937,19.92678
2.00374,1.23195,20.11232
2.02256,1.25495,20.29954
2.04156,1.27838,20.48845
2.06073,1.30224,20.67907
2.08008,1.32654,20.87141
2.09962,1.35129,21.06549
2.11934,1.37650,21.26132
2.13924,1.40217,21.45892
2.15933,1.42832,21.65830
2.17961,1.45495,21.85948
2.20008,1.48207,22.06247
2.22074,1.50969,22.26728
2.24160,1.53783,22.47394
2.26265,1.56648,22.68245
2.28390,1.59565,22.89283
2.30535,1.62537,23.10510
2.32700,1.65563,23.31927
2.34885,1.68645,23.53536
2.37091,1.71784,23.75338
2.39318,1.74980,23.97336
2.41565,1.78235,24.19529
2.43834,1.81550,24.41921
2.46124,1.84926,24.64513
2.48435,1.88363,24.87305
2.50769,1.91864,25.10301
2.53124,1.95428,25.33501
2.55501,1.99058,25.56907
2.57900,2.02755,25.80521
2.60323,2.06519,26.04344
2.62767,2.10352,26.28378
2.65235,2.14255,26.52625
2.67726,2.18229,26.77086
2.70240,2.22276,27.01763
2.72778,2.26396,27.26658
2.75340,2.30592,27.51772
2.77926,2.34864,27.77106
2.80536,2.39214,28.02664
2.83171,2.43643,28.28446
2.85830,2.48152,28.54453
2.88514,2.52744,28.80689
2.91224,2.57419,29.07154
2.93959,2.62178,29.33850
2.96720,2.67024,29.60779
2.99506,2.71958,29.87942
3.02319,2.76980,30.15342
3.05158,2.82094,30.42980
3.08024,2.87300,30.70857
3.10917,2.92601,30.98976
3.13837,2.97996,31.27338
3.16784,3.03489,31.55945
3.19759,3.09081,31.84798
3.22762,3.14774,32.13900
3.25794,3.20569,32.43252
3.28853,3.26468,32.72856
3.31942,3.32473,33.02714
3.35059,3.38586,33.32826
3.38206,3.44808,33.63196
3.41382,3.51142,33.93825
3.44588,3.57589,34.24714
3.47824,3.64150,34.55866
3.51091,3.70830,34.87282
3.54388,3.77628,35.18963
3.57716,3.84547,35.50912
3.61076,3.91589,35.83130
3.64467,3.98756,36.15619
3.67890,4.06051,36.48381
3.71345,4.13475,36.81418
3.74832,4.21030,37.14730
3.78352,4.28719,37.48320
3.81906,4.36544,37.82190
3.85492,4.44507,38.16341
3.89113,4.52610,38.50775
3.92767,4.60856,38.85494
3.96456,4.69247,39.20498
4.00179,4.77785,39.55791
4.03937,4.86473,39.91374
4.07731,4.95313,40.27247
4.11560,5.04307,40.63414
4.15425,5.13459,40.99875
4.19327,5.22770,41.36632
4.23265,5.32243,41.73687
4.27240,5.41881,42.11042
4.31252,5.51686,42.48697
4.35302,5.61662,42.86655
4.39390,5.71809,43.24917
4.43517,5.82132,43.63484
4.47682,5.92634,44.02359
4.51887,6.03316,44.41542
4.56130,6.14182,44.81035
4.60414,6.25234,45.20839
4.64738,6.36476,45.60957
4.69103,6.47910,46.01389
4.73508,6.59539,46.42137
4.77955,6.71366,46.83202
4.82444,6.83395,47.24586
4.86975,6.95628,47.66290
4.91548,7.08068,48.08314
4.96164,7.20718,48.50662
5.00824,7.33583,48.93333
5.05528,7.46664,49.36329
5.10275,7.59964,49.79651
5.15067,7.73488,50.23301
5.19905,7.87239,50.67279
5.24787,8.01219,51.11587
5.29716,8.15432,51.56225
5.34691,8.29882,52.01196
5.39712,8.44572,52.46499
5.44781,8.59504,52.92136
5.49897,8.74684,53.38108
5.55061,8.90113,53.84416
5.60274,9.05797,54.31060
5.65536,9.21737,54.78041
5.70847,9.37938,55.25361
5.76208,9.54404,55.73020
5.81620,9.71137,56.21019
5.87082,9.88142,56.69358
5.92596,10.05423,57.18038
5.98161,10.22982,57.67060
6.03778,10.40824,58.16424
6.09449,10.58953,58.66131
6.15172,10.77372,59.16181
6.20950,10.96084,59.66575
6.26781,11.15095,60.17312
6.32668,11.34407,60.68394
6.38609,11.54025,61.19821
6.44607,11.73952,61.71592
6.50661,11.94193,62.23709
6.56771,12.14750,62.76170
6.62939,12.35629,63.28977
6.69165,12.56833,63.82129
6.75450,12.78366,64.35626
6.81793,13.00231,64.89468
6.88196,13.22434,65.43655
6.94659,13.44978,65.98186
7.01183,13.67866,66.53062
7.07768,13.91104,67.08282
7.14415,14.14694,67.63846
7.21125,14.38641,68.19753
7.27897,14.62950,68.76002
7.34733,14.87623,69.32594
7.41633,15.12665,69.89527
7.48598,15.38081,70.46801
7.55629,15.63873,71.04414
7.62725,15.90047,71.62367
7.69888,16.16606,72.20659
7.77119,16.43554,72.79287
7.84417,16.70895,73.38252
7.91784,16.98633,73.97552
7.99220,17.26772,74.57186
8.06726,17.55317,75.17152
8.14302,17.84270,75.77451
8.21949,18.13637,76.38079
8.29669,18.43420,76.99036
8.37461,18.73624,77.60320
8.45326,19.04253,78.21930
8.53264,19.35310,78.83864
8.61278,19.66800,79.46120
8.69366,19.98726,80.08697
8.77531,20.31092,80.71592
8.85772,20.63901,81.34805
8.94091,20.97158,81.98332
9.02488,21.30866,82.62171
9.10963,21.65029,83.26322
9.19519,21.99650,83.90781
9.28154,22.34732,84.55547
9.36871,22.70280,85.20616
9.45670,23.06297,85.85987
9.54551,23.42786,86.51657
9.63515,23.79751,87.17624
9.72564,24.17195,87.83886
9.81698,24.55120,88.50438
9.90918,24.93532,89.17280
10.00224,25.32431,89.84408
10.09617,25.71823,90.51819
10.19099,26.11709,91.19511
10.28670,26.52092,91.87481
10.38331,26.92976,92.55725
10.48082,27.34364,93.24241
10.57925,27.76257,93.93026
10.67860,28.18660,94.62077
10.77889,28.61573,95.31389
10.88012,29.05001,96.00961
10.98230,29.48945,96.70789
11.08544,29.93408,97.40870
11.18955,30.38393,98.11200
11.29464,30.83900,98.81776
11.40071,31.29934,99.52595
11.50778,31.76494,100.23653
11.61585,32.23585,100.94946
11.72494,32.71207,101.66472
11.83506,33.19362,102.38227
11.94620,33.68052,103.10207
12.05840,34.17279,103.82408
12.17164,34.67045,104.54827
12.28595,35.17350,105.27461
12.40133,35.68196,106.00306
12.51780,36.19584,106.73357
12.63536,36.71515,107.46612
12.75403,37.23992,108.20067
12.87380,37.77013,108.93718
12.99471,38.30581,109.67561
13.11675,38.84697,110.41593
13.23993,39.39360,111.15810
13.36428,39.94571,111.90209
13.48978,40.50332,112.64785
13.61647,41.06641,113.39535
13.74435,41.63501,114.14456
13.87343,42.20910,114.89544
14.00372,42.78869,115.64794
14.13524,43.37378,116.40205
14.26799,43.96436,117.15771
14.40199,44.56045,117.91490
14.53724,45.16202,118.67358
14.67377,45.76909,119.43372
14.81157,46.38163,120.19528
14.95068,46.99966,120.95822
15.09109,47.62316,121.72252
15.23281,48.25212,122.48814
15.37587,48.88654,123.25505
15.52027,49.52640,124.02321
15.66603,50.17169,124.79260
15.81316,50.82242,125.56318
15.96167,51.47855,126.33492
16.11157,52.14008,127.10779
16.26288,52.80699,127.88177
16.41561,53.47928,128.65682
16.56978,54.15692,129.43292
16.72539,54.83990,130.21003
16.88247,55.52820,130.98814
17.04102,56.22180,131.76721
17.20106,56.92069,132.54723
17.36260,57.62485,133.32816
17.52566,58.33425,134.10998
17.69025,59.04887,134.89268
17.85639,59.76870,135.67622
18.02409,60.49371,136.46058
18.19336,61.22388,137.24576
18.36422,61.95919,138.03172
18.53669,62.69961,138.81844
18.71077,63.44512,139.60592
18.88650,64.19569,140.39414
19.06387,64.95130,141.18307
19.24290,65.71193,141.97270
19.42362,66.47754,142.76302
19.60604,67.24811,143.55402
19.79017,68.02362,144.34568
19.97603,68.80404,145.13799
20.16363,69.58933,145.93095
20.35300,70.37948,146.72454
20.54414,71.17445,147.51876
20.73708,71.97422,148.31359
20.93183,72.77876,149.10904
21.12841,73.58803,149.90510
21.32684,74.40202,150.70176
21.52713,75.22068,151.49901
21.72930,76.04400,152.29687
21.93337,76.87194,153.09532
22.13935,77.70448,153.89437
22.34727,78.54158,154.69402
22.55715,79.38321,155.49427
22.76899,80.22935,156.29512
22.98283,81.07997,157.09658
23.19867,81.93504,157.89864
23.41654,82.79453,158.70133
23.63645,83.65840,159.50464
23.85843,84.52664,160.30858
24.08250,85.39921,161.11317
24.30867,86.27609,161.91840
24.53696,87.15724,162.72430
24.76740,88.04264,163.53086
25.00000,88.93226,164.33812
