# Complex refractive index of glass (fused silica, as a proxy for soda-lime float glass), n(lambda) + i k(lambda), 0.6-25 um.
#
# source: D. Franta, D. Necas, I. Ohlidal, A. Giglia (2016), 'Optical characterization of SiO2 thin films using universal dispersion model over wide spectral range', Proc. SPIE 9890, 989014. doi:10.1117/12.2227580. Fused silica PLATE, 0.405 mm, room temperature -- a bulk sample rather than a thin film, which is why this dataset was chosen over the thin-film alternatives in the same database.
#   Retrieved 2026-09-15 from
#   https://raw.githubusercontent.com/polyanskiy/refractiveindex.info-database/main/database/data/main/SiO2/nk/Franta.yml
#   (RefractiveIndex.INFO database, public domain / CC0 1.0), converted by
#   scripts/fetch_nk_tables.py and truncated to 0.6-25 um; values otherwise unmodified.
#   PROXY: fused silica, not soda-lime. No freely available soda-lime dataset spans 0.75-13.5 um. Both are silicate glasses and share the Si-O stretching resonance that dominates the LWIR; soda-lime's alkali and iron content changes the magnitude more than the angular shape, and the magnitude is taken from the material's authored per-band emissivity, not from this table (M7.5).
#
# Check values interpolated from this table: n(1.55 um) = 1.444309, k = 2.5545e-16;
#   n(10.0 um) = 2.526835, k = 0.082695. Normal-incidence Fresnel emissivity at 10.0 um: 0.81213.
# Columns: wavelength in MICROMETRES, then n, then k.
wavelength_um,n,k
0.600344,1.45822,7.5592e-322
0.601728,1.45817,4.89619e-320
0.603115,1.45812,3.0109e-318
0.604505,1.45808,1.81161e-316
0.605898,1.45803,1.06726e-314
0.607295,1.45799,6.15688e-313
0.608695,1.45794,3.47839e-311
0.610098,1.4579,1.92472e-309
0.611505,1.45786,1.04321e-307
0.612914,1.45781,5.53905e-306
0.614327,1.45777,2.88138e-304
0.615744,1.45772,1.46862e-302
0.617163,1.45768,7.33515e-301
0.618586,1.45764,3.59036e-299
0.620012,1.45759,1.72243e-297
0.621441,1.45755,8.09951e-296
0.622874,1.45751,3.73366e-294
0.624309,1.45746,1.68737e-292
0.625749,1.45742,7.47699e-291
0.627191,1.45738,3.24883e-289
0.628637,1.45734,1.38436e-287
0.630086,1.45729,5.78548e-286
0.631539,1.45725,2.37156e-284
0.632994,1.45721,9.53624e-283
0.634454,1.45717,3.7619e-281
0.635916,1.45713,1.45601e-279
0.637382,1.45709,5.52957e-278
0.638851,1.45704,2.06075e-276
0.640324,1.457,7.53715e-275
0.6418,1.45696,2.70568e-273
0.64328,1.45692,9.53394e-272
0.644763,1.45688,3.29788e-270
0.646249,1.45684,1.11996e-268
0.647739,1.4568,3.73434e-267
0.649232,1.45676,1.22266e-265
0.650729,1.45672,3.93118e-264
0.652229,1.45668,1.24136e-262
0.653732,1.45664,3.85007e-261
0.655239,1.4566,1.17294e-259
0.65675,1.45656,3.51041e-258
0.658264,1.45652,1.03217e-256
0.659781,1.45648,2.98188e-255
0.661302,1.45644,8.46478e-254
0.662827,1.4564,2.36137e-252
0.664354,1.45636,6.47399e-251
0.665886,1.45632,1.74452e-249
0.667421,1.45628,4.62075e-248
0.66896,1.45624,1.20315e-246
0.670502,1.45621,3.07985e-245
0.672047,1.45617,7.75144e-244
0.673597,1.45613,1.91828e-242
0.675149,1.45609,4.66826e-241
0.676706,1.45605,1.11724e-239
0.678266,1.45601,2.62979e-238
0.679829,1.45598,6.08856e-237
0.681396,1.45594,1.38664e-235
0.682967,1.4559,3.10669e-234
0.684542,1.45586,6.84792e-233
0.68612,1.45583,1.48517e-231
0.687701,1.45579,3.16947e-230
0.689287,1.45575,6.65615e-229
0.690876,1.45571,1.37569e-227
0.692468,1.45568,2.79842e-226
0.694065,1.45564,5.60315e-225
0.695665,1.4556,1.10437e-223
0.697268,1.45557,2.14285e-222
0.698876,1.45553,4.09351e-221
0.700487,1.45549,7.6995e-220
0.702101,1.45546,1.42601e-218
0.70372,1.45542,2.60082e-217
0.705342,1.45539,4.67153e-216
0.706968,1.45535,8.26416e-215
0.708598,1.45531,1.44e-213
0.710231,1.45528,2.47163e-212
0.711869,1.45524,4.1792e-211
0.71351,1.45521,6.96183e-210
0.715154,1.45517,1.14263e-208
0.716803,1.45514,1.84787e-207
0.718455,1.4551,2.94478e-206
0.720112,1.45507,4.62466e-205
0.721772,1.45503,7.15788e-204
0.723436,1.455,1.09194e-202
0.725103,1.45496,1.64191e-201
0.726775,1.45493,2.43373e-200
0.72845,1.45489,3.55627e-199
0.730129,1.45486,5.12328e-198
0.731813,1.45482,7.27717e-197
0.7335,1.45479,1.01922e-195
0.73519,1.45475,1.40765e-194
0.736885,1.45472,1.91722e-193
0.738584,1.45468,2.57531e-192
0.740287,1.45465,3.4119e-191
0.741993,1.45462,4.45865e-190
0.743704,1.45458,5.74751e-189
0.745418,1.45455,7.30891e-188
0.747136,1.45451,9.16965e-187
0.748859,1.45448,1.13503e-185
0.750585,1.45445,1.38627e-184
0.752315,1.45441,1.67071e-183
0.75405,1.45438,1.98698e-182
0.755788,1.45435,2.33215e-181
0.75753,1.45431,2.70157e-180
0.759276,1.45428,3.08889e-179
0.761027,1.45425,3.48612e-178
0.762781,1.45421,3.88385e-177
0.764539,1.45418,4.27161e-176
0.766302,1.45415,4.63829e-175
0.768068,1.45412,4.97264e-174
0.769839,1.45408,5.2639e-173
0.771614,1.45405,5.50232e-172
0.773392,1.45402,5.67975e-171
0.775175,1.45399,5.79007e-170
0.776962,1.45395,5.82958e-169
0.778753,1.45392,5.79717e-168
0.780548,1.45389,5.69437e-167
0.782348,1.45386,5.52528e-166
0.784151,1.45382,5.29622e-165
0.785959,1.45379,5.01543e-164
0.787771,1.45376,4.69253e-163
0.789587,1.45373,4.33798e-162
0.791407,1.4537,3.96255e-161
0.793231,1.45366,3.57681e-160
0.79506,1.45363,3.19063e-159
0.796893,1.4536,2.81281e-158
0.79873,1.45357,2.45083e-157
0.800571,1.45354,2.11068e-156
0.802417,1.45351,1.79676e-155
0.804266,1.45347,1.51196e-154
0.80612,1.45344,1.25777e-153
0.807979,1.45341,1.03442e-152
0.809841,1.45338,8.41101e-152
0.811708,1.45335,6.76213e-151
0.813579,1.45332,5.37558e-150
0.815455,1.45329,4.2257e-149
0.817335,1.45326,3.28493e-148
0.819219,1.45322,2.52542e-147
0.821107,1.45319,1.92019e-146
0.823,1.45316,1.44404e-145
0.824897,1.45313,1.07416e-144
0.826799,1.4531,7.90365e-144
0.828705,1.45307,5.75288e-143
0.830615,1.45304,4.14251e-142
0.83253,1.45301,2.95111e-141
0.834449,1.45298,2.08004e-140
0.836373,1.45295,1.45061e-139
0.838301,1.45292,1.00101e-138
0.840233,1.45289,6.83541e-138
0.84217,1.45286,4.61899e-137
0.844112,1.45283,3.08894e-136
0.846057,1.4528,2.04444e-135
0.848008,1.45277,1.33926e-134
0.849963,1.45273,8.68361e-134
0.851922,1.4527,5.57322e-133
0.853886,1.45267,3.54081e-132
0.855854,1.45264,2.22696e-131
0.857827,1.45261,1.38662e-130
0.859805,1.45258,8.54785e-130
0.861787,1.45255,5.21717e-129
0.863773,1.45252,3.15292e-128
0.865765,1.45249,1.88674e-127
0.86776,1.45246,1.11803e-126
0.869761,1.45243,6.56077e-126
0.871766,1.4524,3.81279e-125
0.873776,1.45238,2.1945e-124
0.87579,1.45235,1.25099e-123
0.877809,1.45232,7.06347e-123
0.879832,1.45229,3.95049e-122
0.88186,1.45226,2.18862e-121
0.883893,1.45223,1.20116e-120
0.885931,1.4522,6.53065e-120
0.887973,1.45217,3.51773e-119
0.89002,1.45214,1.87732e-118
0.892072,1.45211,9.92662e-118
0.894128,1.45208,5.20086e-117
0.89619,1.45205,2.70008e-116
0.898255,1.45202,1.38908e-115
0.900326,1.45199,7.08186e-115
0.902402,1.45196,3.57812e-114
0.904482,1.45193,1.79172e-113
0.906567,1.4519,8.89225e-113
0.908657,1.45187,4.37421e-112
0.910751,1.45184,2.13281e-111
0.912851,1.45182,1.03084e-110
0.914955,1.45179,4.93893e-110
0.917064,1.45176,2.34583e-109
0.919179,1.45173,1.10459e-108
0.921297,1.4517,5.15666e-108
0.923421,1.45167,2.38678e-107
0.92555,1.45164,1.09536e-106
0.927684,1.45161,4.9844e-106
0.929822,1.45158,2.24908e-105
0.931966,1.45155,1.00635e-104
0.934114,1.45152,4.46546e-104
0.936267,1.45149,1.96504e-103
0.938426,1.45147,8.57596e-103
0.940589,1.45144,3.7121e-102
0.942757,1.45141,1.59368e-101
0.94493,1.45138,6.78642e-101
0.947109,1.45135,2.86655e-100
0.949292,1.45132,1.20109e-99
0.95148,1.45129,4.99233e-99
0.953674,1.45126,2.05856e-98
0.955872,1.45123,8.42116e-98
0.958076,1.45121,3.41779e-97
0.960284,1.45118,1.37627e-96
0.962498,1.45115,5.4987e-96
0.964717,1.45112,2.17989e-95
0.966941,1.45109,8.57518e-95
0.96917,1.45106,3.34736e-94
0.971404,1.45103,1.29667e-93
0.973643,1.451,4.98473e-93
0.975888,1.45097,1.90176e-92
0.978137,1.45095,7.20088e-92
0.980392,1.45092,2.70614e-91
0.982652,1.45089,1.00941e-90
0.984918,1.45086,3.73722e-90
0.987188,1.45083,1.37346e-89
0.989464,1.4508,5.01049e-89
0.991745,1.45077,1.81452e-88
0.994031,1.45074,6.52338e-88
0.996322,1.45071,2.32827e-87
0.998619,1.45069,8.25003e-87
1.00092,1.45066,2.9024e-86
1.00323,1.45063,1.0138e-85
1.00554,1.4506,3.5161e-85
1.00786,1.45057,1.21086e-84
1.01018,1.45054,4.14066e-84
1.01251,1.45051,1.40605e-83
1.01485,1.45048,4.74138e-83
1.01718,1.45045,1.5878e-82
1.01953,1.45043,5.28068e-82
1.02188,1.4504,1.74422e-81
1.02424,1.45037,5.72198e-81
1.0266,1.45034,1.8644e-80
1.02896,1.45031,6.03384e-80
1.03134,1.45028,1.93966e-79
1.03371,1.45025,6.19372e-79
1.0361,1.45022,1.96464e-78
1.03848,1.45019,6.19067e-78
1.04088,1.45016,1.93788e-77
1.04328,1.45014,6.02654e-77
1.04568,1.45011,1.86197e-76
1.04809,1.45008,5.71556e-76
1.05051,1.45005,1.74316e-75
1.05293,1.45002,5.28231e-75
1.05536,1.44999,1.59049e-74
1.05779,1.44996,4.75857e-74
1.06023,1.44993,1.41472e-73
1.06267,1.4499,4.17955e-73
1.06512,1.44987,1.22706e-72
1.06758,1.44984,3.58009e-72
1.07004,1.44981,1.03807e-71
1.07251,1.44979,2.99144e-71
1.07498,1.44976,8.56773e-71
1.07746,1.44973,2.43892e-70
1.07994,1.4497,6.90062e-70
1.08243,1.44967,1.94067e-69
1.08493,1.44964,5.42504e-69
1.08743,1.44961,1.50749e-68
1.08993,1.44958,4.16405e-68
1.09245,1.44955,1.14342e-67
1.09496,1.44952,3.12128e-67
1.09749,1.44949,8.47059e-67
1.10002,1.44946,2.28538e-66
1.10255,1.44943,6.13031e-66
1.1051,1.4494,1.63493e-65
1.10764,1.44937,4.33538e-65
1.1102,1.44934,1.14334e-64
1.11276,1.44931,3.00438e-64
1.11532,1.44928,7.9917e-64
1.11789,1.44925,2.41981e-63
1.12047,1.44922,1.35024e-62
1.12305,1.44919,1.79852e-61
1.12564,1.44916,3.24178e-60
1.12824,1.44913,5.9358e-59
1.13084,1.4491,1.05079e-57
1.13344,1.44907,1.78672e-56
1.13606,1.44904,2.91613e-55
1.13868,1.44901,4.56902e-54
1.1413,1.44898,6.87395e-53
1.14393,1.44895,9.93266e-52
1.14657,1.44892,1.37882e-50
1.14921,1.44889,1.83925e-49
1.15186,1.44886,2.35815e-48
1.15452,1.44883,2.90675e-47
1.15718,1.4488,3.44551e-46
1.15984,1.44877,3.92842e-45
1.16252,1.44874,4.30926e-44
1.1652,1.44871,4.54899e-43
1.16788,1.44868,4.62228e-42
1.17058,1.44865,4.52201e-41
1.17328,1.44862,4.26033e-40
1.17598,1.44859,3.86629e-39
1.17869,1.44856,3.38054e-38
1.18141,1.44853,2.84852e-37
1.18413,1.4485,2.31364e-36
1.18686,1.44846,1.81182e-35
1.1896,1.44843,1.36829e-34
1.19234,1.4484,9.96736e-34
1.19509,1.44837,7.00527e-33
1.19784,1.44834,4.75125e-32
1.2006,1.44831,3.11048e-31
1.20337,1.44828,1.96598e-30
1.20615,1.44825,1.19995e-29
1.20893,1.44821,7.07411e-29
1.21171,1.44818,4.02906e-28
1.21451,1.44815,2.21744e-27
1.21731,1.44812,1.17954e-26
1.22011,1.44809,6.06564e-26
1.22293,1.44806,3.01607e-25
1.22574,1.44802,1.45044e-24
1.22857,1.44799,6.74749e-24
1.2314,1.44796,3.03712e-23
1.23424,1.44793,1.32298e-22
1.23709,1.4479,5.5783e-22
1.23994,1.44786,2.27721e-21
1.2428,1.44783,9.00211e-21
1.24566,1.4478,3.44681e-20
1.24853,1.44777,1.27853e-19
1.25141,1.44774,4.59529e-19
1.2543,1.4477,1.60071e-18
1.25719,1.44767,5.40505e-18
1.26009,1.44764,1.76953e-17
1.26299,1.44761,5.61794e-17
1.2659,1.44757,1.72998e-16
1.26882,1.44754,5.16821e-16
1.27174,1.44751,1.49815e-15
1.27468,1.44747,4.21479e-15
1.27761,1.44744,1.15102e-14
1.28056,1.44741,3.05185e-14
1.28351,1.44737,7.85776e-14
1.28647,1.44734,1.96505e-13
1.28944,1.44731,4.77389e-13
1.29241,1.44727,1.12687e-12
1.29539,1.44724,2.58503e-12
1.29837,1.44721,5.76401e-12
1.30137,1.44717,1.24949e-11
1.30437,1.44714,2.63374e-11
1.30737,1.44711,5.39914e-11
1.31039,1.44707,1.07663e-10
1.31341,1.44704,2.08871e-10
1.31644,1.447,3.94312e-10
1.31947,1.44697,7.24486e-10
1.32251,1.44693,1.29577e-09
1.32556,1.4469,2.25636e-09
1.32862,1.44687,3.82605e-09
1.33168,1.44683,6.31876e-09
1.33475,1.4468,1.01655e-08
1.33783,1.44676,1.59337e-08
1.34091,1.44673,2.43373e-08
1.344,1.44669,3.62302e-08
1.3471,1.44666,5.2576e-08
1.35021,1.44662,7.43868e-08
1.35332,1.44659,1.02629e-07
1.35644,1.44655,1.38103e-07
1.35956,1.44652,1.81357e-07
1.3627,1.44648,2.33188e-07
1.36584,1.44644,2.98682e-07
1.36899,1.44641,4.01599e-07
1.37214,1.44637,6.0117e-07
1.37531,1.44634,9.48246e-07
1.37848,1.4463,1.35039e-06
1.38166,1.44627,1.56147e-06
1.38484,1.44623,1.45751e-06
1.38803,1.44619,1.19738e-06
1.39123,1.44616,9.87461e-07
1.39444,1.44612,8.7229e-07
1.39765,1.44608,8.01983e-07
1.40088,1.44605,7.40432e-07
1.40411,1.44601,6.7879e-07
1.40734,1.44597,6.16084e-07
1.41059,1.44594,5.51577e-07
1.41384,1.4459,4.85263e-07
1.4171,1.44586,4.18473e-07
1.42036,1.44582,3.53333e-07
1.42364,1.44579,2.92002e-07
1.42692,1.44575,2.36198e-07
1.43021,1.44571,1.87025e-07
1.43351,1.44567,1.44985e-07
1.43681,1.44563,1.10055e-07
1.44012,1.4456,8.1813e-08
1.44344,1.44556,5.95695e-08
1.44677,1.44552,4.24893e-08
1.45011,1.44548,2.96929e-08
1.45345,1.44544,2.03331e-08
1.4568,1.4454,1.36458e-08
1.46016,1.44536,8.97626e-09
1.46352,1.44533,5.78841e-09
1.4669,1.44529,3.65974e-09
1.47028,1.44525,2.26898e-09
1.47367,1.44521,1.37962e-09
1.47707,1.44517,8.22804e-10
1.48047,1.44513,4.81399e-10
1.48388,1.44509,2.76339e-10
1.4873,1.44505,1.55657e-10
1.49073,1.44501,8.60487e-11
1.49417,1.44497,4.66903e-11
1.49761,1.44493,2.48699e-11
1.50107,1.44489,1.30061e-11
1.50453,1.44485,6.67881e-12
1.50799,1.44481,3.36815e-12
1.51147,1.44477,1.66832e-12
1.51496,1.44472,8.11751e-13
1.51845,1.44468,3.88039e-13
1.52195,1.44464,1.82261e-13
1.52546,1.4446,8.4127e-14
1.52897,1.44456,3.81641e-14
1.5325,1.44452,1.7018e-14
1.53603,1.44448,7.46019e-15
1.53957,1.44443,3.2154e-15
1.54312,1.44439,1.36276e-15
1.54668,1.44435,5.68007e-16
1.55024,1.44431,2.3286e-16
1.55382,1.44426,9.39065e-17
1.5574,1.44422,3.72572e-17
1.56099,1.44418,1.45442e-17
1.56459,1.44413,5.58714e-18
1.56819,1.44409,2.11233e-18
1.57181,1.44405,7.86078e-19
1.57543,1.444,2.87987e-19
1.57906,1.44396,1.03901e-19
1.5827,1.44392,3.69496e-20
1.58635,1.44387,1.2997e-20
1.59001,1.44383,4.58497e-21
1.59368,1.44378,1.71119e-21
1.59735,1.44374,7.94685e-22
1.60103,1.44369,5.79585e-22
1.60472,1.44365,6.40516e-22
1.60842,1.4436,8.47115e-22
1.61213,1.44356,1.17646e-21
1.61585,1.44351,1.65006e-21
1.61957,1.44347,2.31518e-21
1.6233,1.44342,3.24262e-21
1.62705,1.44338,4.53134e-21
1.6308,1.44333,6.31737e-21
1.63456,1.44328,8.7866e-21
1.63832,1.44324,1.21922e-20
1.6421,1.44319,1.68783e-20
1.64589,1.44314,2.3311e-20
1.64968,1.4431,3.2121e-20
1.65348,1.44305,4.41586e-20
1.6573,1.443,6.05685e-20
1.66112,1.44296,8.28874e-20
1.66494,1.44291,1.13174e-19
1.66878,1.44286,1.54178e-19
1.67263,1.44281,2.09569e-19
1.67649,1.44276,2.84225e-19
1.68035,1.44271,3.84622e-19
1.68422,1.44267,5.19336e-19
1.68811,1.44262,6.99697e-19
1.692,1.44257,9.40642e-19
1.6959,1.44252,1.26182e-18
1.69981,1.44247,1.68903e-18
1.70373,1.44242,2.25607e-18
1.70765,1.44237,3.00725e-18
1.71159,1.44232,4.00076e-18
1.71554,1.44227,5.31379e-18
1.71949,1.44222,7.0516e-18
1.72345,1.44217,9.3669e-18
1.72743,1.44212,1.25082e-17
1.73141,1.44207,1.69505e-17
1.7354,1.44202,2.37548e-17
1.7394,1.44196,3.55484e-17
1.74341,1.44191,5.91309e-17
1.74743,1.44186,1.12188e-16
1.75146,1.44181,2.4001e-16
1.7555,1.44176,5.55698e-16
1.75954,1.4417,1.33338e-15
1.7636,1.44165,3.21664e-15
1.76766,1.4416,7.66757e-15
1.77174,1.44154,1.78986e-14
1.77582,1.44149,4.07343e-14
1.77992,1.44144,9.01885e-14
1.78402,1.44138,1.94072e-13
1.78813,1.44133,4.05713e-13
1.79226,1.44127,8.23875e-13
1.79639,1.44122,1.62518e-12
1.80053,1.44117,3.11446e-12
1.80468,1.44111,5.79917e-12
1.80884,1.44106,1.04935e-11
1.81301,1.441,1.84554e-11
1.81719,1.44094,3.15538e-11
1.82138,1.44089,5.24546e-11
1.82558,1.44083,8.4801e-11
1.82978,1.44078,1.33347e-10
1.834,1.44072,2.0399e-10
1.83823,1.44066,3.0364e-10
1.84247,1.4406,4.3986e-10
1.84671,1.44055,6.20231e-10
1.85097,1.44049,8.51442e-10
1.85524,1.44043,1.13814e-09
1.85952,1.44037,1.4817e-09
1.8638,1.44031,1.87896e-09
1.8681,1.44026,2.3214e-09
1.87241,1.4402,2.7947e-09
1.87672,1.44014,3.27905e-09
1.88105,1.44008,3.75029e-09
1.88538,1.44002,4.18179e-09
1.88973,1.43996,4.54691e-09
1.89409,1.4399,4.82171e-09
1.89845,1.43984,4.98761e-09
1.90283,1.43978,5.03348e-09
1.90722,1.43972,4.95685e-09
1.91161,1.43966,4.7642e-09
1.91602,1.43959,4.47008e-09
1.92044,1.43953,4.09547e-09
1.92486,1.43947,3.66548e-09
1.9293,1.43941,3.20697e-09
1.93375,1.43934,2.74634e-09
1.93821,1.43928,2.30796e-09
1.94267,1.43922,1.91336e-09
1.94715,1.43915,1.5815e-09
1.95164,1.43909,1.32984e-09
1.95614,1.43903,1.17633e-09
1.96065,1.43896,1.142e-09
1.96517,1.4389,1.2539e-09
1.9697,1.43883,1.54799e-09
1.97424,1.43877,2.07166e-09
1.97879,1.4387,2.88537e-09
1.98335,1.43864,4.06289e-09
1.98792,1.43857,5.68978e-09
1.99251,1.4385,7.8595e-09
1.9971,1.43844,1.06671e-08
2.0017,1.43837,1.42007e-08
2.00632,1.4383,1.85306e-08
2.01094,1.43823,2.36976e-08
2.01558,1.43817,2.97023e-08
2.02023,1.4381,3.64953e-08
2.02488,1.43803,4.39721e-08
2.02955,1.43796,5.19741e-08
2.03423,1.43789,6.02955e-08
2.03892,1.43782,6.86983e-08
2.04362,1.43775,7.69349e-08
2.04833,1.43768,8.47746e-08
2.05305,1.43761,9.20352e-08
2.05778,1.43754,9.86135e-08
2.06253,1.43747,1.04513e-07
2.06728,1.4374,1.09865e-07
2.07205,1.43733,1.14944e-07
2.07682,1.43725,1.20167e-07
2.08161,1.43718,1.2609e-07
2.08641,1.43711,1.33391e-07
2.09122,1.43703,1.42849e-07
2.09604,1.43696,1.55315e-07
2.10087,1.43689,1.71682e-07
2.10572,1.43681,1.92854e-07
2.11057,1.43674,2.19722e-07
2.11544,1.43666,2.53134e-07
2.12031,1.43659,2.93878e-07
2.1252,1.43651,3.4267e-07
2.1301,1.43644,4.00148e-07
2.13501,1.43636,4.66902e-07
2.13993,1.43628,5.43529e-07
2.14486,1.4362,6.3075e-07
2.14981,1.43613,7.29631e-07
2.15476,1.43605,8.41908e-07
2.15973,1.43597,9.70485e-07
2.16471,1.43589,1.12026e-06
2.1697,1.43581,1.30036e-06
2.1747,1.43573,1.53193e-06
2.17972,1.43565,1.87048e-06
2.18474,1.43557,2.44519e-06
2.18978,1.43549,3.47112e-06
2.19482,1.43541,5.12816e-06
2.19988,1.43533,7.28075e-06
2.20496,1.43525,9.31071e-06
2.21004,1.43517,1.04386e-05
2.21513,1.43509,1.03687e-05
2.22024,1.43501,9.53465e-06
2.22536,1.43492,8.64662e-06
2.23049,1.43484,8.10746e-06
2.23563,1.43476,7.88599e-06
2.24078,1.43467,7.76183e-06
2.24595,1.43459,7.5578e-06
2.25113,1.4345,7.20449e-06
2.25632,1.43442,6.70869e-06
2.26152,1.43433,6.11202e-06
2.26673,1.43425,5.46577e-06
2.27196,1.43416,4.81795e-06
2.27719,1.43407,4.20651e-06
2.28244,1.43398,3.65643e-06
2.2877,1.43389,3.17982e-06
2.29298,1.43381,2.77801e-06
2.29826,1.43372,2.44485e-06
2.30356,1.43363,2.17013e-06
2.30887,1.43354,1.94241e-06
2.31419,1.43344,1.75114e-06
2.31953,1.43335,1.5877e-06
2.32488,1.43326,1.4459e-06
2.33024,1.43317,1.32175e-06
2.33561,1.43308,1.21316e-06
2.34099,1.43298,1.11943e-06
2.34639,1.43289,1.0408e-06
2.3518,1.4328,9.78059e-07
2.35722,1.4327,9.32282e-07
2.36265,1.43261,9.04577e-07
2.3681,1.43251,8.95925e-07
2.37356,1.43241,9.0705e-07
2.37903,1.43232,9.38312e-07
2.38451,1.43222,9.89628e-07
2.39001,1.43212,1.06042e-06
2.39552,1.43202,1.1496e-06
2.40104,1.43193,1.25559e-06
2.40658,1.43183,1.37638e-06
2.41213,1.43173,1.50966e-06
2.41769,1.43163,1.65298e-06
2.42326,1.43153,1.80396e-06
2.42885,1.43143,1.96052e-06
2.43444,1.43132,2.12111e-06
2.44006,1.43122,2.28495e-06
2.44568,1.43112,2.45222e-06
2.45132,1.43101,2.6242e-06
2.45697,1.43091,2.80331e-06
2.46263,1.43081,2.9931e-06
2.46831,1.4307,3.19808e-06
2.474,1.4306,3.42356e-06
2.4797,1.43049,3.67528e-06
2.48542,1.43038,3.95912e-06
2.49115,1.43027,4.28063e-06
2.49689,1.43017,4.64464e-06
2.50265,1.43006,5.05492e-06
2.50842,1.42995,5.51379e-06
2.5142,1.42984,6.02187e-06
2.52,1.42973,6.57797e-06
2.52581,1.42962,7.17898e-06
2.53163,1.4295,7.82002e-06
2.53746,1.42939,8.49459e-06
2.54331,1.42928,9.1949e-06
2.54918,1.42916,9.91231e-06
2.55505,1.42905,1.06378e-05
2.56094,1.42893,1.13626e-05
2.56685,1.42882,1.20788e-05
2.57276,1.4287,1.27798e-05
2.57869,1.42858,1.34615e-05
2.58464,1.42846,1.41224e-05
2.5906,1.42834,1.47647e-05
2.59657,1.42822,1.53948e-05
2.60255,1.4281,1.60244e-05
2.60855,1.42798,1.66716e-05
2.61457,1.42785,1.73626e-05
2.62059,1.42773,1.81338e-05
2.62664,1.4276,1.90364e-05
2.63269,1.42747,2.01413e-05
2.63876,1.42734,2.15481e-05
2.64484,1.4272,2.33967e-05
2.65094,1.42706,2.58855e-05
2.65705,1.42692,2.93052e-05
2.66318,1.42677,3.41255e-05
2.66932,1.42662,4.13176e-05
2.67547,1.42645,5.37043e-05
2.68164,1.42627,8.02389e-05
2.68782,1.42608,0.000141415
2.69401,1.4259,0.000257828
2.70022,1.42579,0.000410864
2.70645,1.42575,0.000536256
2.71269,1.42575,0.000595206
2.71894,1.42572,0.000610518
2.72521,1.42568,0.000610518
2.73149,1.42563,0.000597084
2.73779,1.42557,0.000568755
2.7441,1.42549,0.000532262
2.75043,1.4254,0.000494035
2.75677,1.42531,0.000455785
2.76312,1.4252,0.000417161
2.76949,1.42509,0.000378368
2.77587,1.42497,0.000340339
2.78227,1.42484,0.000303918
2.78869,1.42471,0.000269468
2.79512,1.42458,0.000237043
2.80156,1.42444,0.000206686
2.80802,1.4243,0.000178584
2.81449,1.42415,0.000153026
2.82098,1.424,0.000130279
2.82748,1.42385,0.000110486
2.834,1.4237,9.36212e-05
2.84053,1.42354,7.94983e-05
2.84708,1.42339,6.78216e-05
2.85364,1.42323,5.82392e-05
2.86022,1.42308,5.03928e-05
2.86682,1.42292,4.39516e-05
2.87342,1.42277,3.86312e-05
2.88005,1.42261,3.41997e-05
2.88669,1.42245,3.04752e-05
2.89334,1.4223,2.73184e-05
2.90001,1.42214,2.46238e-05
2.9067,1.42199,2.2311e-05
2.9134,1.42183,2.03177e-05
2.92011,1.42167,1.85941e-05
2.92685,1.42151,1.70995e-05
2.93359,1.42136,1.57996e-05
2.94036,1.4212,1.46652e-05
2.94713,1.42104,1.36712e-05
2.95393,1.42088,1.27957e-05
2.96074,1.42072,1.20205e-05
2.96756,1.42055,1.133e-05
2.9744,1.42039,1.07111e-05
2.98126,1.42023,1.01531e-05
2.98813,1.42007,9.6472e-06
2.99502,1.4199,9.18633e-06
3.00193,1.41974,8.7648e-06
3.00885,1.41957,8.37808e-06
3.01578,1.4194,8.02259e-06
3.02273,1.41924,7.69552e-06
3.0297,1.41907,7.3947e-06
3.03669,1.4189,7.1185e-06
3.04369,1.41873,6.86572e-06
3.0507,1.41856,6.63552e-06
3.05774,1.41838,6.42729e-06
3.06478,1.41821,6.24055e-06
3.07185,1.41804,6.07472e-06
3.07893,1.41786,5.92897e-06
3.08603,1.41769,5.80198e-06
3.09314,1.41751,5.69183e-06
3.10027,1.41733,5.59586e-06
3.10742,1.41716,5.5108e-06
3.11458,1.41698,5.43295e-06
3.12176,1.4168,5.35854e-06
3.12896,1.41661,5.28411e-06
3.13617,1.41643,5.20693e-06
3.1434,1.41625,5.12532e-06
3.15065,1.41606,5.0388e-06
3.15791,1.41588,4.94801e-06
3.16519,1.41569,4.8545e-06
3.17249,1.41551,4.76037e-06
3.1798,1.41532,4.66788e-06
3.18713,1.41513,4.57907e-06
3.19448,1.41494,4.49549e-06
3.20184,1.41474,4.41808e-06
3.20922,1.41455,4.34715e-06
3.21662,1.41436,4.2825e-06
3.22404,1.41416,4.22351e-06
3.23147,1.41397,4.16938e-06
3.23892,1.41377,4.11927e-06
3.24638,1.41357,4.07246e-06
3.25387,1.41337,4.02842e-06
3.26137,1.41317,3.98693e-06
3.26889,1.41297,3.94816e-06
3.27642,1.41276,3.91271e-06
3.28398,1.41256,3.88166e-06
3.29155,1.41236,3.85663e-06
3.29913,1.41215,3.83977e-06
3.30674,1.41194,3.83374e-06
3.31436,1.41173,3.84158e-06
3.322,1.41152,3.8665e-06
3.32966,1.41131,3.91161e-06
3.33734,1.4111,3.97952e-06
3.34503,1.41088,4.072e-06
3.35274,1.41067,4.18956e-06
3.36047,1.41045,4.33123e-06
3.36822,1.41023,4.49454e-06
3.37598,1.41001,4.67573e-06
3.38376,1.40979,4.87025e-06
3.39156,1.40957,5.07351e-06
3.39938,1.40935,5.28177e-06
3.40722,1.40912,5.49313e-06
3.41507,1.40889,5.70829e-06
3.42294,1.40867,5.93105e-06
3.43084,1.40844,6.16846e-06
3.43874,1.40821,6.43039e-06
3.44667,1.40798,6.72873e-06
3.45462,1.40774,7.07621e-06
3.46258,1.40751,7.48501e-06
3.47056,1.40727,7.9653e-06
3.47856,1.40703,8.52398e-06
3.48658,1.4068,9.16369e-06
3.49462,1.40656,9.88225e-06
3.50268,1.40631,1.06725e-05
3.51075,1.40607,1.15229e-05
3.51884,1.40583,1.24179e-05
3.52695,1.40558,1.33398e-05
3.53509,1.40533,1.42699e-05
3.54323,1.40508,1.51901e-05
3.5514,1.40483,1.60852e-05
3.55959,1.40458,1.69444e-05
3.56779,1.40433,1.77628e-05
3.57602,1.40407,1.85431e-05
3.58426,1.40381,1.92959e-05
3.59253,1.40356,2.00401e-05
3.60081,1.4033,2.08022e-05
3.60911,1.40303,2.16145e-05
3.61743,1.40277,2.25131e-05
3.62577,1.40251,2.35341e-05
3.63413,1.40224,2.47103e-05
3.6425,1.40197,2.60672e-05
3.6509,1.4017,2.76188e-05
3.65932,1.40143,2.9365e-05
3.66775,1.40115,3.12894e-05
3.67621,1.40088,3.3359e-05
3.68468,1.4006,3.55253e-05
3.69317,1.40032,3.77275e-05
3.70169,1.40004,3.9897e-05
3.71022,1.39976,4.19631e-05
3.71877,1.39948,4.3859e-05
3.72735,1.39919,4.55283e-05
3.73594,1.39891,4.6929e-05
3.74455,1.39862,4.8038e-05
3.75318,1.39833,4.8852e-05
3.76184,1.39804,4.93875e-05
3.77051,1.39775,4.96779e-05
3.7792,1.39745,4.97699e-05
3.78791,1.39715,4.97184e-05
3.79664,1.39685,4.95806e-05
3.8054,1.39655,4.94117e-05
3.81417,1.39624,4.92593e-05
3.82296,1.39594,4.91612e-05
3.83177,1.39563,4.91431e-05
3.84061,1.39532,4.9218e-05
3.84946,1.395,4.93877e-05
3.85833,1.39469,4.96443e-05
3.86723,1.39437,4.99735e-05
3.87614,1.39405,5.03571e-05
3.88508,1.39373,5.07769e-05
3.89404,1.3934,5.1217e-05
3.90301,1.39308,5.16666e-05
3.91201,1.39275,5.21216e-05
3.92103,1.39242,5.25854e-05
3.93007,1.39208,5.30698e-05
3.93913,1.39175,5.35935e-05
3.94821,1.39141,5.41815e-05
3.95731,1.39107,5.48636e-05
3.96643,1.39072,5.56717e-05
3.97557,1.39038,5.66382e-05
3.98474,1.39003,5.77938e-05
3.99392,1.38968,5.91659e-05
4.00313,1.38932,6.07769e-05
4.01236,1.38897,6.26433e-05
4.02161,1.38861,6.47758e-05
4.03088,1.38825,6.71785e-05
4.04017,1.38788,6.98491e-05
4.04949,1.38752,7.27787e-05
4.05882,1.38715,7.59518e-05
4.06818,1.38678,7.93451e-05
4.07756,1.38641,8.29269e-05
4.08696,1.38603,8.66561e-05
4.09638,1.38565,9.04823e-05
4.10582,1.38527,9.43457e-05
4.11528,1.38489,9.81803e-05
4.12477,1.3845,0.000101917
4.13428,1.38411,0.000105492
4.14381,1.38372,0.000108851
4.15336,1.38333,0.000111961
4.16294,1.38293,0.000114819
4.17253,1.38253,0.000117458
4.18215,1.38213,0.000119951
4.19179,1.38172,0.000122415
4.20146,1.38131,0.000125003
4.21114,1.38089,0.000127902
4.22085,1.38048,0.000131312
4.23058,1.38005,0.000135438
4.24033,1.37963,0.00014047
4.25011,1.3792,0.000146566
4.2599,1.37877,0.000153835
4.26972,1.37833,0.000162328
4.27957,1.3779,0.000172026
4.28943,1.37746,0.000182841
4.29932,1.37701,0.000194613
4.30923,1.37657,0.000207121
4.31917,1.37612,0.000220086
4.32912,1.37568,0.000233193
4.3391,1.37523,0.000246098
4.3491,1.37477,0.000258449
4.35913,1.37432,0.000269902
4.36918,1.37386,0.000280135
4.37925,1.3734,0.000288867
4.38935,1.37294,0.000295866
4.39946,1.37248,0.000300963
4.40961,1.37201,0.000304062
4.41977,1.37153,0.000305142
4.42996,1.37106,0.000304261
4.44017,1.37057,0.000301558
4.45041,1.37008,0.000297243
4.46067,1.36959,0.000291594
4.47095,1.36909,0.000284943
4.48126,1.36858,0.000277663
4.49159,1.36806,0.000270149
4.50194,1.36754,0.000262803
4.51232,1.36701,0.00025601
4.52272,1.36648,0.000250121
4.53315,1.36594,0.000245435
4.5436,1.36539,0.000242188
4.55407,1.36483,0.000240541
4.56457,1.36427,0.000240577
4.57509,1.3637,0.000242309
4.58564,1.36313,0.000245686
4.59621,1.36255,0.000250614
4.60681,1.36196,0.000256972
4.61743,1.36137,0.000264641
4.62807,1.36077,0.000273529
4.63874,1.36017,0.000283595
4.64943,1.35955,0.000294878
4.66015,1.35893,0.000307516
4.67089,1.3583,0.000321769
4.68166,1.35766,0.000338047
4.69245,1.35701,0.000356924
4.70327,1.35635,0.000379172
4.71411,1.35568,0.000405781
4.72498,1.355,0.000437992
4.73587,1.35431,0.000477309
4.74679,1.3536,0.000525515
4.75773,1.35288,0.000584653
4.7687,1.35215,0.000656983
4.77969,1.35141,0.000744895
4.79071,1.35066,0.000850779
4.80175,1.3499,0.000976847
4.81282,1.34914,0.00112492
4.82392,1.34838,0.00129621
4.83504,1.34763,0.00149106
4.84618,1.34688,0.00170878
4.85736,1.34615,0.0019475
4.86855,1.34544,0.00220413
4.87978,1.34476,0.00247444
4.89102,1.3441,0.00275322
4.9023,1.34346,0.00303455
4.9136,1.34286,0.00331217
4.92493,1.34228,0.00357983
4.93628,1.34172,0.00383165
4.94766,1.34119,0.00406251
4.95907,1.34067,0.00426821
4.9705,1.34016,0.00444569
4.98196,1.33965,0.00459308
4.99344,1.33915,0.00470966
5.00495,1.33863,0.00479579
5.01649,1.3381,0.00485281
5.02805,1.33756,0.00488289
5.03964,1.33699,0.004889
5.05126,1.33639,0.00487474
5.06291,1.33576,0.0048444
5.07458,1.3351,0.00480293
5.08628,1.33439,0.00475597
5.098,1.33365,0.00470984
5.10975,1.33287,0.00467161
5.12153,1.33205,0.00464898
5.13334,1.33119,0.0046502
5.14517,1.33029,0.00468378
5.15703,1.32937,0.00475809
5.16892,1.32842,0.00488086
5.18084,1.32746,0.00505849
5.19278,1.3265,0.00529524
5.20475,1.32556,0.00559246
5.21675,1.32465,0.00594783
5.22877,1.32379,0.00635481
5.24083,1.32299,0.00680241
5.25291,1.32227,0.00727534
5.26502,1.32162,0.00775466
5.27716,1.32106,0.0082189
5.28932,1.32059,0.00864558
5.30151,1.32019,0.009013
5.31373,1.31985,0.00930207
5.32598,1.31955,0.00949798
5.33826,1.31927,0.00959147
5.35057,1.31898,0.00957962
5.3629,1.31866,0.00946593
5.37526,1.31829,0.00925982
5.38766,1.31785,0.00897556
5.40008,1.31733,0.00863082
5.41252,1.31672,0.008245
5.425,1.31601,0.00783763
5.43751,1.31522,0.00742682
5.45004,1.31435,0.00702821
5.46261,1.3134,0.00665416
5.4752,1.31239,0.00631346
5.48782,1.31133,0.00601135
5.50047,1.31023,0.00574989
5.51315,1.3091,0.00552851
5.52586,1.30795,0.00534468
5.5386,1.30678,0.00519457
5.55137,1.3056,0.00507367
5.56416,1.30442,0.00497733
5.57699,1.30324,0.00490111
5.58985,1.30204,0.00484107
5.60273,1.30085,0.0047939
5.61565,1.29965,0.00475696
5.62859,1.29844,0.0047283
5.64157,1.29722,0.00470655
5.65457,1.296,0.00469087
5.66761,1.29476,0.00468084
5.68067,1.29351,0.00467633
5.69377,1.29225,0.00467751
5.70689,1.29098,0.00468467
5.72005,1.28969,0.00469826
5.73324,1.28839,0.00471878
5.74645,1.28708,0.0047468
5.7597,1.28575,0.0047829
5.77298,1.28441,0.00482771
5.78629,1.28305,0.00488184
5.79962,1.28168,0.00494594
5.81299,1.2803,0.00502063
5.82639,1.2789,0.00510656
5.83983,1.27749,0.00520434
5.85329,1.27607,0.00531453
5.86678,1.27464,0.00543762
5.88031,1.2732,0.00557397
5.89386,1.27176,0.00572377
5.90745,1.2703,0.00588694
5.92107,1.26885,0.00606307
5.93471,1.26739,0.00625139
5.9484,1.26594,0.00645061
5.96211,1.26448,0.00665895
5.97585,1.26304,0.00687405
5.98963,1.2616,0.00709298
6.00344,1.26016,0.00731228
6.01728,1.25874,0.00752797
6.03115,1.25732,0.00773572
6.04505,1.25591,0.00793096
6.05898,1.25451,0.00810905
6.07295,1.25311,0.0082655
6.08695,1.25171,0.00839617
6.10098,1.2503,0.00849748
6.11505,1.24888,0.00856664
6.12914,1.24745,0.00860176
6.14327,1.24599,0.00860204
6.15744,1.24451,0.00856781
6.17163,1.24299,0.00850052
6.18586,1.24143,0.00840277
6.20012,1.23982,0.00827815
6.21441,1.23816,0.00813109
6.22874,1.23645,0.00796672
6.24309,1.23468,0.00779059
6.25749,1.23285,0.00760848
6.27191,1.23096,0.00742615
6.28637,1.22901,0.00724912
6.30086,1.227,0.00708247
6.31539,1.22494,0.00693068
6.32994,1.22283,0.00679753
6.34454,1.22066,0.00668597
6.35916,1.21846,0.00659811
6.37382,1.21621,0.00653522
6.38851,1.21392,0.00649775
6.40324,1.21159,0.0064854
6.418,1.20924,0.00649721
6.4328,1.20686,0.00653166
6.44763,1.20445,0.00658678
6.46249,1.20201,0.00666027
6.47739,1.19955,0.00674961
6.49232,1.19707,0.00685217
6.50729,1.19456,0.00696531
6.52229,1.19203,0.00708646
6.53732,1.18948,0.00721319
6.55239,1.18689,0.00734329
6.5675,1.18428,0.00747478
6.58264,1.18164,0.00760598
6.59781,1.17897,0.00773549
6.61302,1.17626,0.00786224
6.62827,1.17351,0.00798543
6.64354,1.17072,0.00810459
6.65886,1.16789,0.00821948
6.67421,1.16502,0.00833012
6.6896,1.16209,0.00843676
6.70502,1.15912,0.00853981
6.72047,1.15609,0.00863982
6.73597,1.15301,0.00873748
6.75149,1.14987,0.00883351
6.76706,1.14667,0.00892872
6.78266,1.14341,0.00902388
6.79829,1.14008,0.00911979
6.81396,1.13669,0.00921718
6.82967,1.13324,0.00931673
6.84542,1.12971,0.00941906
6.8612,1.12612,0.00952468
6.87701,1.12245,0.00963406
6.89287,1.11871,0.00974753
6.90876,1.11489,0.00986538
6.92468,1.11099,0.00998779
6.94065,1.10701,0.0101149
6.95665,1.10295,0.0102467
6.97268,1.09881,0.0103833
6.98876,1.09457,0.0105247
7.00487,1.09024,0.0106708
7.02101,1.08582,0.0108217
7.0372,1.0813,0.0109773
7.05342,1.07667,0.0111376
7.06968,1.07194,0.0113028
7.08598,1.0671,0.011473
7.10231,1.06214,0.0116485
7.11869,1.05706,0.0118295
7.1351,1.05186,0.0120167
7.15154,1.04652,0.0122105
7.16803,1.04104,0.0124117
7.18455,1.03542,0.0126212
7.20112,1.02965,0.01284
7.21772,1.02372,0.0130695
7.23436,1.01762,0.0133112
7.25103,1.01135,0.0135667
7.26775,1.00489,0.0138381
7.2845,0.99824,0.0141276
7.30129,0.991388,0.0144377
7.31813,0.984322,0.0147713
7.335,0.977033,0.0151317
7.3519,0.969507,0.0155226
7.36885,0.961733,0.015948
7.38584,0.953696,0.0164125
7.40287,0.945381,0.0169215
7.41993,0.936774,0.0174806
7.43704,0.927856,0.0180966
7.45418,0.91861,0.018777
7.47136,0.909015,0.0195303
7.48859,0.899049,0.0203664
7.50585,0.888689,0.0212968
7.52315,0.877907,0.0223345
7.5405,0.866674,0.0234953
7.55788,0.85496,0.0247975
7.5753,0.842729,0.0262628
7.59276,0.829943,0.0279175
7.61027,0.81656,0.0297927
7.62781,0.802535,0.0319264
7.64539,0.787816,0.0343642
7.66302,0.772352,0.0371618
7.68068,0.756084,0.0403866
7.69839,0.738953,0.0441208
7.71614,0.720896,0.0484643
7.73392,0.70185,0.0535389
7.75175,0.681756,0.0594931
7.76962,0.660561,0.0665078
7.78753,0.638226,0.0748033
7.80548,0.614738,0.0846473
7.82348,0.590124,0.0963625
7.84151,0.564483,0.110332
7.85959,0.538018,0.126998
7.87771,0.511099,0.146839
7.89587,0.484317,0.170307
7.91407,0.458531,0.197709
7.93231,0.434819,0.229028
7.9506,0.4143,0.263766
7.96893,0.397826,0.300944
7.9873,0.385747,0.339331
8.00571,0.377896,0.377764
8.02417,0.373763,0.415359
8.04266,0.372702,0.451551
8.0612,0.374074,0.48604
8.07979,0.377309,0.518704
8.09841,0.381922,0.549535
8.11708,0.387505,0.578596
8.13579,0.393718,0.605988
8.15455,0.400279,0.631839
8.17335,0.406948,0.656296
8.19219,0.413529,0.679516
8.21107,0.419859,0.701663
8.23,0.425807,0.722907
8.24897,0.431272,0.743419
8.26799,0.436179,0.763367
8.28705,0.440479,0.782917
8.30615,0.444144,0.802226
8.3253,0.447164,0.821441
8.34449,0.449546,0.840697
8.36373,0.451304,0.860117
8.38301,0.452461,0.879809
8.40233,0.453037,0.899869
8.4217,0.453052,0.920383
8.44112,0.452516,0.941431
8.46057,0.451428,0.963093
8.48008,0.449775,0.98545
8.49963,0.44753,1.0086
8.51922,0.444656,1.03265
8.53886,0.441104,1.05774
8.55854,0.436823,1.08404
8.57827,0.431764,1.11176
8.59805,0.425889,1.14116
8.61787,0.419183,1.17255
8.63773,0.411666,1.20629
8.65765,0.403409,1.2428
8.6776,0.394553,1.28257
8.69761,0.385328,1.32612
8.71766,0.376081,1.37403
8.73776,0.367302,1.42693
8.7579,0.359661,1.48545
8.77809,0.354041,1.55019
8.79832,0.351572,1.62168
8.8186,0.353651,1.70028
8.83893,0.361934,1.7861
8.85931,0.378297,1.87889
8.87973,0.404747,1.9779
8.9002,0.443285,2.08184
8.92072,0.495735,2.18882
8.94128,0.563551,2.29638
8.9619,0.647621,2.40157
8.98255,0.748109,2.50113
9.00326,0.864347,2.59168
9.02402,0.994799,2.67001
9.04482,1.13711,2.73329
9.06567,1.28824,2.77937
9.08657,1.44469,2.80692
9.10751,1.60278,2.81558
9.12851,1.75891,2.80596
9.14955,1.90993,2.77953
9.17064,2.05331,2.73846
9.19179,2.18737,2.68535
9.21297,2.3113,2.6229
9.23421,2.42512,2.55363
9.2555,2.52952,2.4796
9.27684,2.62557,2.40226
9.29822,2.71448,2.3224
9.31966,2.79733,2.24023
9.34114,2.87485,2.15551
9.36267,2.94737,2.06778
9.38426,3.01476,1.97658
9.40589,3.07653,1.88158
9.42757,3.13197,1.78276
9.4493,3.18026,1.68038
9.47109,3.22062,1.57504
9.49292,3.25241,1.46757
9.5148,3.27518,1.35901
9.53674,3.28871,1.2505
9.55872,3.29306,1.14323
9.58076,3.28849,1.03835
9.60284,3.27549,0.936922
9.62498,3.25469,0.839898
9.64717,3.2269,0.748083
9.66941,3.19299,0.662115
9.6917,3.15391,0.582468
9.71404,3.11063,0.509445
9.73643,3.06412,0.443187
9.75888,3.0153,0.383689
9.78137,2.96505,0.330808
9.80392,2.91417,0.284289
9.82652,2.86337,0.24378
9.84918,2.81326,0.208853
9.87188,2.76436,0.179031
9.89464,2.71706,0.153804
9.91745,2.67168,0.13265
9.94031,2.62842,0.115051
9.96322,2.58741,0.100511
9.98619,2.54869,0.0885638
10.0092,2.51227,0.0787846
10.0323,2.47809,0.0707927
10.0554,2.44603,0.0642549
10.0786,2.416,0.0588857
10.1018,2.38784,0.0544446
10.1251,2.36142,0.0507331
10.1485,2.33659,0.04759
10.1718,2.3132,0.0448869
10.1953,2.29112,0.0425229
10.2188,2.27023,0.0404205
10.2424,2.25041,0.0385207
10.266,2.23156,0.0367798
10.2896,2.21359,0.0351656
10.3134,2.1964,0.0336553
10.3371,2.17993,0.0322326
10.361,2.16411,0.0308866
10.3848,2.14888,0.02961
10.4088,2.1342,0.0283982
10.4328,2.12002,0.0272486
10.4568,2.1063,0.0261596
10.4809,2.09301,0.0251308
10.5051,2.08011,0.024162
10.5293,2.06758,0.0232534
10.5536,2.05539,0.0224053
10.5779,2.04353,0.021618
10.6023,2.03196,0.0208917
10.6267,2.02068,0.0202265
10.6512,2.00967,0.0196222
10.6758,1.99891,0.0190784
10.7004,1.98839,0.0185945
10.7251,1.9781,0.0181695
10.7498,1.96802,0.0178023
10.7746,1.95814,0.0174912
10.7994,1.94846,0.0172347
10.8243,1.93896,0.0170305
10.8493,1.92964,0.0168766
10.8743,1.92047,0.0167703
10.8993,1.91146,0.0167091
10.9245,1.90259,0.0166902
10.9496,1.89386,0.016711
10.9749,1.88524,0.0167689
11.0002,1.87673,0.0168614
11.0255,1.86832,0.0169866
11.051,1.85999,0.0171431
11.0764,1.85173,0.0173302
11.102,1.84352,0.0175484
11.1276,1.83535,0.0177996
11.1532,1.82719,0.0180871
11.1789,1.81903,0.0184167
11.2047,1.81086,0.0187963
11.2305,1.80264,0.0192371
11.2564,1.79437,0.0197533
11.2824,1.78601,0.0203635
11.3084,1.77755,0.0210901
11.3344,1.76897,0.0219606
11.3606,1.76025,0.0230075
11.3868,1.75138,0.0242684
11.413,1.74235,0.0257865
11.4393,1.73315,0.02761
11.4657,1.72379,0.0297922
11.4921,1.71428,0.0323902
11.5186,1.70465,0.0354645
11.5452,1.69491,0.0390771
11.5718,1.68512,0.0432898
11.5984,1.67533,0.0481618
11.6252,1.66562,0.0537473
11.652,1.65607,0.0600921
11.6788,1.64678,0.0672306
11.7058,1.63786,0.0751821
11.7328,1.62943,0.0839474
11.7598,1.62161,0.0935065
11.7869,1.61454,0.103816
11.8141,1.60833,0.114807
11.8413,1.6031,0.126387
11.8686,1.59894,0.138441
11.896,1.59593,0.150834
11.9234,1.59413,0.16342
11.9509,1.59355,0.176042
11.9784,1.59418,0.188547
12.006,1.59599,0.200789
12.0337,1.59891,0.212636
12.0615,1.60287,0.223979
12.0893,1.60777,0.234733
12.1171,1.61352,0.244841
12.1451,1.62002,0.254269
12.1731,1.62719,0.263003
12.2011,1.63497,0.271045
12.2293,1.64333,0.278399
12.2574,1.65225,0.285067
12.2857,1.66172,0.291034
12.314,1.67176,0.296268
12.3424,1.68239,0.300706
12.3709,1.6936,0.304258
12.3994,1.70539,0.30681
12.428,1.7177,0.308225
12.4566,1.73045,0.308361
12.4853,1.7435,0.307075
12.5141,1.75668,0.304246
12.543,1.76976,0.299784
12.5719,1.78251,0.293643
12.6009,1.79466,0.285828
12.6299,1.80592,0.276403
12.659,1.81604,0.265492
12.6882,1.82477,0.253272
12.7174,1.83192,0.239969
12.7468,1.83733,0.225847
12.7761,1.8409,0.211196
12.8056,1.84258,0.196319
12.8351,1.84239,0.18152
12.8647,1.84041,0.167089
12.8944,1.83677,0.153291
12.9241,1.83162,0.14036
12.9539,1.82517,0.128487
12.9837,1.81766,0.117816
13.0137,1.80933,0.108445
13.0437,1.80042,0.10042
13.0737,1.79119,0.093741
13.1039,1.78185,0.0883634
13.1341,1.77262,0.0842047
13.1644,1.76368,0.0811505
13.1947,1.75516,0.0790619
13.2251,1.74718,0.0777837
13.2556,1.73981,0.0771526
13.2862,1.73309,0.077005
13.3168,1.72702,0.0771845
13.3475,1.72156,0.0775479
13.3783,1.71668,0.0779706
13.4091,1.7123,0.0783499
13.44,1.70833,0.0786073
13.471,1.70469,0.0786887
13.5021,1.70129,0.0785641
13.5332,1.69804,0.0782248
13.5644,1.69486,0.0776808
13.5956,1.69169,0.076957
13.627,1.68847,0.076089
13.6584,1.68517,0.075119
13.6899,1.68176,0.074092
13.7214,1.67823,0.0730527
13.7531,1.67459,0.072042
13.7848,1.67084,0.0710955
13.8166,1.667,0.0702418
13.8484,1.66309,0.0695021
13.8803,1.65913,0.0688899
13.9123,1.65516,0.0684115
13.9444,1.65119,0.0680669
13.9765,1.64724,0.067851
14.0088,1.64333,0.0677544
14.0411,1.63949,0.0677652
14.0734,1.6357,0.0678696
14.1059,1.63199,0.0680535
14.1384,1.62835,0.0683025
14.171,1.62479,0.0686031
14.2036,1.6213,0.0689432
14.2364,1.61788,0.0693118
14.2692,1.61453,0.0696996
14.3021,1.61124,0.0700988
14.3351,1.608,0.0705031
14.3681,1.60481,0.0709075
14.4012,1.60166,0.071308
14.4344,1.59854,0.071702
14.4677,1.59545,0.0720872
14.5011,1.59239,0.0724625
14.5345,1.58934,0.0728269
14.568,1.5863,0.0731803
14.6016,1.58327,0.0735225
14.6352,1.58025,0.0738539
14.669,1.57722,0.074175
14.7028,1.5742,0.0744866
14.7367,1.57116,0.0747896
14.7707,1.56811,0.075085
14.8047,1.56505,0.075374
14.8388,1.56197,0.0756579
14.873,1.55887,0.0759381
14.9073,1.55574,0.0762162
14.9417,1.55259,0.0764939
14.9761,1.54941,0.0767729
15.0107,1.5462,0.0770551
15.0453,1.54296,0.0773427
15.0799,1.53968,0.0776376
15.1147,1.53636,0.0779423
15.1496,1.533,0.0782591
15.1845,1.5296,0.0785905
15.2195,1.52615,0.0789392
15.2546,1.52266,0.079308
15.2897,1.51913,0.0796996
15.325,1.51554,0.0801172
15.3603,1.51191,0.0805637
15.3957,1.50823,0.0810424
15.4312,1.50449,0.0815566
15.4668,1.50071,0.0821096
15.5024,1.49687,0.0827047
15.5382,1.49298,0.0833455
15.574,1.48904,0.0840355
15.6099,1.48506,0.0847782
15.6459,1.48102,0.0855772
15.6819,1.47693,0.0864358
15.7181,1.47279,0.0873577
15.7543,1.46861,0.0883462
15.7906,1.46438,0.0894047
15.827,1.46012,0.0905364
15.8635,1.45581,0.0917445
15.9001,1.45146,0.0930318
15.9368,1.44708,0.0944012
15.9735,1.44267,0.0958551
16.0103,1.43823,0.097396
16.0472,1.43377,0.0990259
16.0842,1.42929,0.100747
16.1213,1.42479,0.102559
16.1585,1.42028,0.104465
16.1957,1.41576,0.106466
16.233,1.41124,0.10856
16.2705,1.40672,0.110749
16.308,1.4022,0.113032
16.3456,1.3977,0.115407
16.3832,1.39321,0.117874
16.421,1.38874,0.120431
16.4589,1.38429,0.123074
16.4968,1.37987,0.125802
16.5348,1.37549,0.128612
16.573,1.37114,0.131498
16.6112,1.36683,0.134458
16.6494,1.36256,0.137486
16.6878,1.35834,0.140577
16.7263,1.35416,0.143726
16.7649,1.35004,0.146927
16.8035,1.34596,0.150174
16.8422,1.34194,0.153461
16.8811,1.33796,0.15678
16.92,1.33404,0.160125
16.959,1.33017,0.163489
16.9981,1.32634,0.166865
17.0373,1.32255,0.170246
17.0765,1.31881,0.173625
17.1159,1.3151,0.176994
17.1554,1.31142,0.180347
17.1949,1.30777,0.183678
17.2345,1.30413,0.18698
17.2743,1.30051,0.190248
17.3141,1.29689,0.193475
17.354,1.29326,0.196657
17.394,1.28962,0.199789
17.4341,1.28595,0.202867
17.4743,1.28225,0.205888
17.5146,1.2785,0.208849
17.555,1.27469,0.211748
17.5954,1.27081,0.214583
17.636,1.26685,0.217354
17.6766,1.26279,0.220062
17.7174,1.25862,0.222707
17.7582,1.25432,0.225291
17.7992,1.24989,0.227816
17.8402,1.2453,0.230287
17.8813,1.24055,0.232708
17.9226,1.23561,0.235083
17.9639,1.23047,0.23742
18.0053,1.22512,0.239725
18.0468,1.21953,0.242006
18.0884,1.21371,0.244272
18.1301,1.20762,0.246534
18.1719,1.20125,0.248801
18.2138,1.19458,0.251087
18.2558,1.18761,0.253403
18.2978,1.1803,0.255764
18.34,1.17265,0.258185
18.3823,1.16464,0.260682
18.4247,1.15625,0.263272
18.4671,1.14745,0.265975
18.5097,1.13824,0.26881
18.5524,1.12859,0.271798
18.5952,1.11848,0.274965
18.638,1.10789,0.278334
18.681,1.0968,0.281934
18.7241,1.08519,0.285793
18.7672,1.07303,0.289945
18.8105,1.06031,0.294425
18.8538,1.04699,0.299271
18.8973,1.03304,0.304529
18.9409,1.01845,0.310244
18.9845,1.00319,0.316472
19.0283,0.987211,0.323271
19.0722,0.970503,0.33071
19.1161,0.95303,0.338866
19.1602,0.934765,0.347824
19.2044,0.915683,0.357685
19.2486,0.895763,0.36856
19.293,0.874991,0.380577
19.3375,0.853361,0.393881
19.3821,0.830886,0.408634
19.4267,0.807597,0.42502
19.4715,0.783554,0.443234
19.5164,0.758851,0.463489
19.5614,0.733628,0.486002
19.6065,0.708075,0.510985
19.6517,0.682436,0.538628
19.697,0.657007,0.569081
19.7424,0.632121,0.602437
19.7879,0.608131,0.638715
19.8335,0.585381,0.677861
19.8792,0.564182,0.719754
19.9251,0.54479,0.76423
19.971,0.527401,0.811103
20.017,0.512156,0.860194
20.0632,0.499149,0.91135
20.1094,0.488453,0.964452
20.1558,0.480136,1.01942
20.2023,0.474277,1.07622
20.2488,0.470984,1.13483
20.2955,0.470399,1.19525
20.3423,0.472712,1.25748
20.3892,0.478154,1.3215
20.4362,0.487006,1.38729
20.4833,0.499585,1.45475
20.5305,0.516245,1.52374
20.5778,0.537359,1.59407
20.6253,0.563311,1.66546
20.6728,0.594477,1.73755
20.7205,0.631211,1.8099
20.7682,0.673821,1.88197
20.8161,0.722561,1.95317
20.8641,0.777603,2.02283
20.9122,0.839031,2.09022
20.9604,0.90682,2.15455
21.0087,0.980831,2.21504
21.0572,1.0608,2.27089
21.1057,1.14635,2.32132
21.1544,1.23696,2.36557
21.2031,1.33201,2.40298
21.252,1.43075,2.43295
21.301,1.53235,2.45498
21.3501,1.6359,2.46869
21.3993,1.74042,2.47386
21.4486,1.84492,2.47037
21.4981,1.94836,2.45827
21.5476,2.04975,2.43777
21.5973,2.14812,2.40922
21.6471,2.24256,2.37308
21.697,2.33226,2.32997
21.747,2.41651,2.28061
21.7972,2.4947,2.2258
21.8474,2.56639,2.16642
21.8978,2.63125,2.10337
21.9482,2.68911,2.0376
21.9988,2.73996,1.97002
22.0496,2.78389,1.90153
22.1004,2.82116,1.83297
22.1513,2.85211,1.76511
22.2024,2.87721,1.6986
22.2536,2.89697,1.63402
22.3049,2.91198,1.57182
22.3563,2.92286,1.51233
22.4078,2.93022,1.45576
22.4595,2.93467,1.40222
22.5113,2.93678,1.35171
22.5632,2.93708,1.30415
22.6152,2.93603,1.25937
22.6673,2.934,1.21717
22.7196,2.93132,1.1773
22.7719,2.92822,1.13949
22.8244,2.92488,1.10347
22.877,2.92139,1.06899
22.9298,2.91781,1.0358
22.9826,2.91414,1.00369
23.0356,2.91035,0.972495
23.0887,2.90639,0.942062
23.1419,2.9022,0.912287
23.1953,2.89769,0.883097
23.2488,2.89281,0.854445
23.3024,2.88748,0.826313
23.3561,2.88164,0.798702
23.4099,2.87525,0.771631
23.4639,2.86828,0.745129
23.518,2.8607,0.719234
23.5722,2.85252,0.693991
23.6265,2.84374,0.669443
23.681,2.83437,0.645634
23.7356,2.82446,0.622606
23.7903,2.81403,0.600395
23.8451,2.80312,0.579034
23.9001,2.7918,0.558546
23.9552,2.78011,0.538952
24.0104,2.76812,0.520263
24.0658,2.75587,0.502484
24.1213,2.74342,0.485614
24.1769,2.73084,0.469647
24.2326,2.71818,0.454567
24.2885,2.70549,0.440359
24.3444,2.69282,0.426997
24.4006,2.68023,0.414455
24.4568,2.66775,0.402702
24.5132,2.65542,0.391705
24.5697,2.64329,0.381427
24.6263,2.63138,0.37183
24.6831,2.61971,0.362876
24.74,2.60832,0.354523
24.797,2.59722,0.346733
24.8542,2.58643,0.339465
24.9115,2.57596,0.33268
24.9689,2.56581,0.326339
