# Night-sky (airglow) RELATIVE spectral shape s(lambda). Columns: wavelength in MICROMETRES,
# relative spectral density per micrometre. The SCALE IS ARBITRARY -- the level comes from
# environment.night.airglow_irradiance_* (§5.5) and irsim.radiometry.night normalises by this
# file's own integral over 0.6-2.6 um, so a band takes its own fraction of the configured level
# rather than all of it (ADR 0065).
#
# STATUS: MODELLED, NOT MEASURED. Meinel bands of vibrationally excited OH (H + O3 -> OH* + O2 at
# ~87 km) plus the O2(a1Delta-X) band at 1.27 um. Band HEADS are spectroscopy; relative SEQUENCE
# strengths are modelled: Delta-v = 1/2/3/4 carry 55/27/12/6 % of the OH
# emission, with a flat 4 % continuum for zodiacal and unresolved light. Replace with a
# measured near-infrared sky spectrum when one is available; nothing in the code changes.
#
# Model band fractions of the configured level:
#   NIR       0.75-1.00:  13.5 %
#   SWIR      0.90-1.70:  66.3 %
#   SWIR ext. 0.90-2.50:  88.8 %
#   dv=1 peak 1.40-2.00:  45.5 %

# Generated by scripts/generate_airglow_spectrum.py on 2026-09-15 (roadmap M11.4).
wavelength_um,relative_density_per_um
0.6000,2.000000e-02
0.6010,2.000000e-02
0.6020,2.000000e-02
0.6030,2.000000e-02
0.6040,2.000000e-02
0.6050,2.000000e-02
0.6060,2.000000e-02
0.6070,2.000001e-02
0.6080,2.000001e-02
0.6090,2.000001e-02
0.6100,2.000002e-02
0.6110,2.000002e-02
0.6120,2.000003e-02
0.6130,2.000005e-02
0.6140,2.000006e-02
0.6150,2.000009e-02
0.6160,2.000012e-02
0.6170,2.000016e-02
0.6180,2.000022e-02
0.6190,2.000030e-02
0.6200,2.000040e-02
0.6210,2.000053e-02
0.6220,2.000071e-02
0.6230,2.000094e-02
0.6240,2.000125e-02
0.6250,2.000165e-02
0.6260,2.000218e-02
0.6270,2.000286e-02
0.6280,2.000375e-02
0.6290,2.000490e-02
0.6300,2.000637e-02
0.6310,2.000827e-02
0.6320,2.001071e-02
0.6330,2.001381e-02
0.6340,2.001776e-02
0.6350,2.002277e-02
0.6360,2.002910e-02
0.6370,2.003708e-02
0.6380,2.004710e-02
0.6390,2.005964e-02
0.6400,2.007530e-02
0.6410,2.009476e-02
0.6420,2.011889e-02
0.6430,2.014871e-02
0.6440,2.018543e-02
0.6450,2.023051e-02
0.6460,2.028566e-02
0.6470,2.035292e-02
0.6480,2.043466e-02
0.6490,2.053370e-02
0.6500,2.065328e-02
0.6510,2.079719e-02
0.6520,2.096981e-02
0.6530,2.117617e-02
0.6540,2.142205e-02
0.6550,2.171404e-02
0.6560,2.205962e-02
0.6570,2.246726e-02
0.6580,2.294647e-02
0.6590,2.350793e-02
0.6600,2.416353e-02
0.6610,2.492645e-02
0.6620,2.581124e-02
0.6630,2.683384e-02
0.6640,2.801167e-02
0.6650,2.936363e-02
0.6660,3.091010e-02
0.6670,3.267291e-02
0.6680,3.467533e-02
0.6690,3.694197e-02
0.6700,3.949866e-02
0.6710,4.237232e-02
0.6720,4.559078e-02
0.6730,4.918253e-02
0.6740,5.317647e-02
0.6750,5.760157e-02
0.6760,6.248656e-02
0.6770,6.785949e-02
0.6780,7.374730e-02
0.6790,8.017538e-02
0.6800,8.716704e-02
0.6810,9.474300e-02
0.6820,1.029208e-01
0.6830,1.117145e-01
0.6840,1.211337e-01
0.6850,1.311834e-01
0.6860,1.418633e-01
0.6870,1.531677e-01
0.6880,1.650844e-01
0.6890,1.775953e-01
0.6900,1.906753e-01
0.6910,2.042926e-01
0.6920,2.184088e-01
0.6930,2.329785e-01
0.6940,2.479500e-01
0.6950,2.632650e-01
0.6960,2.788598e-01
0.6970,2.946654e-01
0.6980,3.106083e-01
0.6990,3.266112e-01
0.7000,3.425943e-01
0.7010,3.584761e-01
0.7020,3.741743e-01
0.7030,3.896075e-01
0.7040,4.046958e-01
0.7050,4.193626e-01
0.7060,4.335352e-01
0.7070,4.471464e-01
0.7080,4.601356e-01
0.7090,4.724493e-01
0.7100,4.840425e-01
0.7110,4.948792e-01
0.7120,5.049329e-01
0.7130,5.141871e-01
0.7140,5.226353e-01
0.7150,5.302810e-01
0.7160,5.371378e-01
0.7170,5.432282e-01
0.7180,5.485838e-01
0.7190,5.532437e-01
0.7200,5.572541e-01
0.7210,5.606666e-01
0.7220,5.635372e-01
0.7230,5.659251e-01
0.7240,5.678908e-01
0.7250,5.694951e-01
0.7260,5.707972e-01
0.7270,5.718540e-01
0.7280,5.727180e-01
0.7290,5.734368e-01
0.7300,5.740518e-01
0.7310,5.745973e-01
0.7320,5.751002e-01
0.7330,5.755792e-01
0.7340,5.760449e-01
0.7350,5.765001e-01
0.7360,5.769394e-01
0.7370,5.773505e-01
0.7380,5.777145e-01
0.7390,5.780070e-01
0.7400,5.781993e-01
0.7410,5.782592e-01
0.7420,5.781529e-01
0.7430,5.778462e-01
0.7440,5.773056e-01
0.7450,5.765001e-01
0.7460,5.754023e-01
0.7470,5.739899e-01
0.7480,5.722462e-01
0.7490,5.701617e-01
0.7500,5.677345e-01
0.7510,5.649707e-01
0.7520,5.618849e-01
0.7530,5.585001e-01
0.7540,5.548474e-01
0.7550,5.509658e-01
0.7560,5.469013e-01
0.7570,5.427058e-01
0.7580,5.384363e-01
0.7590,5.341536e-01
0.7600,5.299205e-01
0.7610,5.258008e-01
0.7620,5.218574e-01
0.7630,5.181506e-01
0.7640,5.147368e-01
0.7650,5.116672e-01
0.7660,5.089855e-01
0.7670,5.067278e-01
0.7680,5.049206e-01
0.7690,5.035804e-01
0.7700,5.027131e-01
0.7710,5.023132e-01
0.7720,5.023641e-01
0.7730,5.028379e-01
0.7740,5.036962e-01
0.7750,5.048905e-01
0.7760,5.063631e-01
0.7770,5.080484e-01
0.7780,5.098741e-01
0.7790,5.117631e-01
0.7800,5.136347e-01
0.7810,5.154068e-01
0.7820,5.169974e-01
0.7830,5.183269e-01
0.7840,5.193196e-01
0.7850,5.199058e-01
0.7860,5.200234e-01
0.7870,5.196194e-01
0.7880,5.186516e-01
0.7890,5.170897e-01
0.7900,5.149162e-01
0.7910,5.121273e-01
0.7920,5.087333e-01
0.7930,5.047590e-01
0.7940,5.002436e-01
0.7950,4.952401e-01
0.7960,4.898151e-01
0.7970,4.840478e-01
0.7980,4.780287e-01
0.7990,4.718585e-01
0.8000,4.656463e-01
0.8010,4.595083e-01
0.8020,4.535653e-01
0.8030,4.479414e-01
0.8040,4.427616e-01
0.8050,4.381495e-01
0.8060,4.342256e-01
0.8070,4.311050e-01
0.8080,4.288954e-01
0.8090,4.276952e-01
0.8100,4.275918e-01
0.8110,4.286600e-01
0.8120,4.309604e-01
0.8130,4.345385e-01
0.8140,4.394235e-01
0.8150,4.456276e-01
0.8160,4.531459e-01
0.8170,4.619561e-01
0.8180,4.720184e-01
0.8190,4.832764e-01
0.8200,4.956576e-01
0.8210,5.090745e-01
0.8220,5.234257e-01
0.8230,5.385979e-01
0.8240,5.544672e-01
0.8250,5.709010e-01
0.8260,5.877606e-01
0.8270,6.049031e-01
0.8280,6.221836e-01
0.8290,6.394578e-01
0.8300,6.565840e-01
0.8310,6.734258e-01
0.8320,6.898539e-01
0.8330,7.057485e-01
0.8340,7.210007e-01
0.8350,7.355143e-01
0.8360,7.492075e-01
0.8370,7.620133e-01
0.8380,7.738807e-01
0.8390,7.847748e-01
0.8400,7.946771e-01
0.8410,8.035850e-01
0.8420,8.115111e-01
0.8430,8.184825e-01
0.8440,8.245389e-01
0.8450,8.297318e-01
0.8460,8.341220e-01
0.8470,8.377779e-01
0.8480,8.407731e-01
0.8490,8.431844e-01
0.8500,8.450895e-01
0.8510,8.465642e-01
0.8520,8.476808e-01
0.8530,8.485058e-01
0.8540,8.490978e-01
0.8550,8.495062e-01
0.8560,8.497694e-01
0.8570,8.499144e-01
0.8580,8.499552e-01
0.8590,8.498934e-01
0.8600,8.497175e-01
0.8610,8.494036e-01
0.8620,8.489163e-01
0.8630,8.482093e-01
0.8640,8.472276e-01
0.8650,8.459086e-01
0.8660,8.441840e-01
0.8670,8.419826e-01
0.8680,8.392319e-01
0.8690,8.358605e-01
0.8700,8.318010e-01
0.8710,8.269917e-01
0.8720,8.213791e-01
0.8730,8.149199e-01
0.8740,8.075831e-01
0.8750,7.993510e-01
0.8760,7.902213e-01
0.8770,7.802073e-01
0.8780,7.693392e-01
0.8790,7.576641e-01
0.8800,7.452457e-01
0.8810,7.321642e-01
0.8820,7.185152e-01
0.8830,7.044089e-01
0.8840,6.899680e-01
0.8850,6.753266e-01
0.8860,6.606277e-01
0.8870,6.460210e-01
0.8880,6.316609e-01
0.8890,6.177033e-01
0.8900,6.043035e-01
0.8910,5.916135e-01
0.8920,5.797791e-01
0.8930,5.689377e-01
0.8940,5.592157e-01
0.8950,5.507263e-01
0.8960,5.435675e-01
0.8970,5.378201e-01
0.8980,5.335463e-01
0.8990,5.307884e-01
0.9000,5.295680e-01
0.9010,5.298851e-01
0.9020,5.317181e-01
0.9030,5.350237e-01
0.9040,5.397376e-01
0.9050,5.457749e-01
0.9060,5.530315e-01
0.9070,5.613856e-01
0.9080,5.706991e-01
0.9090,5.808197e-01
0.9100,5.915835e-01
0.9110,6.028168e-01
0.9120,6.143393e-01
0.9130,6.259665e-01
0.9140,6.375126e-01
0.9150,6.487933e-01
0.9160,6.596289e-01
0.9170,6.698467e-01
0.9180,6.792840e-01
0.9190,6.877906e-01
0.9200,6.952310e-01
0.9210,7.014868e-01
0.9220,7.064584e-01
0.9230,7.100666e-01
0.9240,7.122538e-01
0.9250,7.129852e-01
0.9260,7.122488e-01
0.9270,7.100562e-01
0.9280,7.064420e-01
0.9290,7.014635e-01
0.9300,6.951994e-01
0.9310,6.877488e-01
0.9320,6.792299e-01
0.9330,6.697772e-01
0.9340,6.595404e-01
0.9350,6.486812e-01
0.9360,6.373712e-01
0.9370,6.257889e-01
0.9380,6.141171e-01
0.9390,6.025396e-01
0.9400,5.912389e-01
0.9410,5.803928e-01
0.9420,5.701717e-01
0.9430,5.607363e-01
0.9440,5.522345e-01
0.9450,5.447996e-01
0.9460,5.385478e-01
0.9470,5.335770e-01
0.9480,5.299643e-01
0.9490,5.277657e-01
0.9500,5.270148e-01
0.9510,5.277221e-01
0.9520,5.298754e-01
0.9530,5.334391e-01
0.9540,5.383554e-01
0.9550,5.445450e-01
0.9560,5.519078e-01
0.9570,5.603252e-01
0.9580,5.696610e-01
0.9590,5.797643e-01
0.9600,5.904708e-01
0.9610,6.016063e-01
0.9620,6.129884e-01
0.9630,6.244300e-01
0.9640,6.357417e-01
0.9650,6.467347e-01
0.9660,6.572239e-01
0.9670,6.670304e-01
0.9680,6.759846e-01
0.9690,6.839285e-01
0.9700,6.907182e-01
0.9710,6.962263e-01
0.9720,7.003435e-01
0.9730,7.029807e-01
0.9740,7.040702e-01
0.9750,7.035667e-01
0.9760,7.014483e-01
0.9770,6.977170e-01
0.9780,6.923984e-01
0.9790,6.855420e-01
0.9800,6.772201e-01
0.9810,6.675277e-01
0.9820,6.565804e-01
0.9830,6.445141e-01
0.9840,6.314825e-01
0.9850,6.176556e-01
0.9860,6.032177e-01
0.9870,5.883653e-01
0.9880,5.733046e-01
0.9890,5.582493e-01
0.9900,5.434181e-01
0.9910,5.290322e-01
0.9920,5.153132e-01
0.9930,5.024801e-01
0.9940,4.907472e-01
0.9950,4.803219e-01
0.9960,4.714019e-01
0.9970,4.641738e-01
0.9980,4.588103e-01
0.9990,4.554685e-01
1.0000,4.542884e-01
1.0010,4.553904e-01
1.0020,4.588745e-01
1.0030,4.648184e-01
1.0040,4.732763e-01
1.0050,4.842780e-01
1.0060,4.978278e-01
1.0070,5.139040e-01
1.0080,5.324581e-01
1.0090,5.534148e-01
1.0100,5.766720e-01
1.0110,6.021011e-01
1.0120,6.295473e-01
1.0130,6.588309e-01
1.0140,6.897481e-01
1.0150,7.220726e-01
1.0160,7.555576e-01
1.0170,7.899377e-01
1.0180,8.249317e-01
1.0190,8.602448e-01
1.0200,8.955724e-01
1.0210,9.306026e-01
1.0220,9.650204e-01
1.0230,9.985110e-01
1.0240,1.030764e+00
1.0250,1.061477e+00
1.0260,1.090358e+00
1.0270,1.117135e+00
1.0280,1.141551e+00
1.0290,1.163375e+00
1.0300,1.182402e+00
1.0310,1.198457e+00
1.0320,1.211397e+00
1.0330,1.221115e+00
1.0340,1.227538e+00
1.0350,1.230634e+00
1.0360,1.230409e+00
1.0370,1.226908e+00
1.0380,1.220215e+00
1.0390,1.210451e+00
1.0400,1.197777e+00
1.0410,1.182385e+00
1.0420,1.164503e+00
1.0430,1.144387e+00
1.0440,1.122320e+00
1.0450,1.098608e+00
1.0460,1.073575e+00
1.0470,1.047562e+00
1.0480,1.020919e+00
1.0490,9.940022e-01
1.0500,9.671696e-01
1.0510,9.407760e-01
1.0520,9.151689e-01
1.0530,8.906841e-01
1.0540,8.676413e-01
1.0550,8.463405e-01
1.0560,8.270579e-01
1.0570,8.100432e-01
1.0580,7.955160e-01
1.0590,7.836635e-01
1.0600,7.746382e-01
1.0610,7.685560e-01
1.0620,7.654949e-01
1.0630,7.654942e-01
1.0640,7.685538e-01
1.0650,7.746345e-01
1.0660,7.836581e-01
1.0670,7.955085e-01
1.0680,8.100332e-01
1.0690,8.270449e-01
1.0700,8.463239e-01
1.0710,8.676203e-01
1.0720,8.906576e-01
1.0730,9.151357e-01
1.0740,9.407346e-01
1.0750,9.671182e-01
1.0760,9.939387e-01
1.0770,1.020841e+00
1.0780,1.047466e+00
1.0790,1.073458e+00
1.0800,1.098465e+00
1.0810,1.122147e+00
1.0820,1.144179e+00
1.0830,1.164253e+00
1.0840,1.182085e+00
1.0850,1.197419e+00
1.0860,1.210027e+00
1.0870,1.219713e+00
1.0880,1.226318e+00
1.0890,1.229718e+00
1.0900,1.229828e+00
1.0910,1.226601e+00
1.0920,1.220033e+00
1.0930,1.210154e+00
1.0940,1.197036e+00
1.0950,1.180786e+00
1.0960,1.161548e+00
1.0970,1.139498e+00
1.0980,1.114842e+00
1.0990,1.087816e+00
1.1000,1.058678e+00
1.1010,1.027707e+00
1.1020,9.952001e-01
1.1030,9.614690e-01
1.1040,9.268341e-01
1.1050,8.916226e-01
1.1060,8.561641e-01
1.1070,8.207880e-01
1.1080,7.858193e-01
1.1090,7.515758e-01
1.1100,7.183656e-01
1.1110,6.864838e-01
1.1120,6.562107e-01
1.1130,6.278095e-01
1.1140,6.015242e-01
1.1150,5.775786e-01
1.1160,5.561742e-01
1.1170,5.374897e-01
1.1180,5.216797e-01
1.1190,5.088741e-01
1.1200,4.991773e-01
1.1210,4.926682e-01
1.1220,4.893993e-01
1.1230,4.893969e-01
1.1240,4.926609e-01
1.1250,4.991646e-01
1.1260,5.088552e-01
1.1270,5.216534e-01
1.1280,5.374544e-01
1.1290,5.561278e-01
1.1300,5.775184e-01
1.1310,6.014468e-01
1.1320,6.277104e-01
1.1330,6.560846e-01
1.1340,6.863239e-01
1.1350,7.181636e-01
1.1360,7.513216e-01
1.1370,7.855003e-01
1.1380,8.203892e-01
1.1390,8.556670e-01
1.1400,8.910047e-01
1.1410,9.260688e-01
1.1420,9.605240e-01
1.1430,9.940368e-01
1.1440,1.026279e+00
1.1450,1.056931e+00
1.1460,1.085686e+00
1.1470,1.112253e+00
1.1480,1.136360e+00
1.1490,1.157757e+00
1.1500,1.176221e+00
1.1510,1.191555e+00
1.1520,1.203594e+00
1.1530,1.212207e+00
1.1540,1.217294e+00
1.1550,1.218794e+00
1.1560,1.216678e+00
1.1570,1.210956e+00
1.1580,1.201673e+00
1.1590,1.188909e+00
1.1600,1.172777e+00
1.1610,1.153422e+00
1.1620,1.131017e+00
1.1630,1.105766e+00
1.1640,1.077893e+00
1.1650,1.047644e+00
1.1660,1.015283e+00
1.1670,9.810892e-01
1.1680,9.453502e-01
1.1690,9.083619e-01
1.1700,8.704239e-01
1.1710,8.318361e-01
1.1720,7.928955e-01
1.1730,7.538940e-01
1.1740,7.151150e-01
1.1750,6.768317e-01
1.1760,6.393048e-01
1.1770,6.027813e-01
1.1780,5.674927e-01
1.1790,5.336544e-01
1.1800,5.014652e-01
1.1810,4.711067e-01
1.1820,4.427433e-01
1.1830,4.165226e-01
1.1840,3.925756e-01
1.1850,3.710174e-01
1.1860,3.519476e-01
1.1870,3.354513e-01
1.1880,3.215996e-01
1.1890,3.104506e-01
1.1900,3.020499e-01
1.1910,2.964309e-01
1.1920,2.936160e-01
1.1930,2.936159e-01
1.1940,2.964308e-01
1.1950,3.020497e-01
1.1960,3.104503e-01
1.1970,3.215992e-01
1.1980,3.354507e-01
1.1990,3.519468e-01
1.2000,3.710163e-01
1.2010,3.925742e-01
1.2020,4.165207e-01
1.2030,4.427407e-01
1.2040,4.711033e-01
1.2050,5.014608e-01
1.2060,5.336485e-01
1.2070,5.674849e-01
1.2080,6.027712e-01
1.2090,6.392916e-01
1.2100,6.768145e-01
1.2110,7.150928e-01
1.2120,7.538653e-01
1.2130,7.928586e-01
1.2140,8.317888e-01
1.2150,8.703636e-01
1.2160,9.082853e-01
1.2170,9.452533e-01
1.2180,9.809676e-01
1.2190,1.015131e+00
1.2200,1.047456e+00
1.2210,1.077662e+00
1.2220,1.105485e+00
1.2230,1.130680e+00
1.2240,1.153023e+00
1.2250,1.172316e+00
1.2260,1.188389e+00
1.2270,1.201108e+00
1.2280,1.210375e+00
1.2290,1.216133e+00
1.2300,1.218373e+00
1.2310,1.217135e+00
1.2320,1.212516e+00
1.2330,1.204677e+00
1.2340,1.193848e+00
1.2350,1.180338e+00
1.2360,1.164542e+00
1.2370,1.146955e+00
1.2380,1.128179e+00
1.2390,1.108934e+00
1.2400,1.090074e+00
1.2410,1.072587e+00
1.2420,1.057609e+00
1.2430,1.046419e+00
1.2440,1.040441e+00
1.2450,1.041226e+00
1.2460,1.050433e+00
1.2470,1.069792e+00
1.2480,1.101062e+00
1.2490,1.145963e+00
1.2500,1.206110e+00
1.2510,1.282926e+00
1.2520,1.377543e+00
1.2530,1.490708e+00
1.2540,1.622680e+00
1.2550,1.773136e+00
1.2560,1.941095e+00
1.2570,2.124857e+00
1.2580,2.321970e+00
1.2590,2.529239e+00
1.2600,2.742766e+00
1.2610,2.958032e+00
1.2620,3.170031e+00
1.2630,3.373426e+00
1.2640,3.562749e+00
1.2650,3.732619e+00
1.2660,3.877970e+00
1.2670,3.994277e+00
1.2680,4.077768e+00
1.2690,4.125602e+00
1.2700,4.136008e+00
1.2710,4.108376e+00
1.2720,4.043281e+00
1.2730,3.942459e+00
1.2740,3.808723e+00
1.2750,3.645823e+00
1.2760,3.458268e+00
1.2770,3.251120e+00
1.2780,3.029769e+00
1.2790,2.799703e+00
1.2800,2.566293e+00
1.2810,2.334598e+00
1.2820,2.109201e+00
1.2830,1.894085e+00
1.2840,1.692543e+00
1.2850,1.507142e+00
1.2860,1.339711e+00
1.2870,1.191377e+00
1.2880,1.062617e+00
1.2890,9.533378e-01
1.2900,8.629679e-01
1.2910,7.905535e-01
1.2920,7.348556e-01
1.2930,6.944412e-01
1.2940,6.677658e-01
1.2950,6.532428e-01
1.2960,6.493007e-01
1.2970,6.544265e-01
1.2980,6.671958e-01
1.2990,6.862926e-01
1.3000,7.105182e-01
1.3010,7.387934e-01
1.3020,7.701545e-01
1.3030,8.037453e-01
1.3040,8.388066e-01
1.3050,8.746657e-01
1.3060,9.107247e-01
1.3070,9.464500e-01
1.3080,9.813636e-01
1.3090,1.015035e+00
1.3100,1.047077e+00
1.3110,1.077137e+00
1.3120,1.104898e+00
1.3130,1.130077e+00
1.3140,1.152421e+00
1.3150,1.171709e+00
1.3160,1.187752e+00
1.3170,1.200393e+00
1.3180,1.209509e+00
1.3190,1.215012e+00
1.3200,1.216846e+00
1.3210,1.214994e+00
1.3220,1.209470e+00
1.3230,1.200324e+00
1.3240,1.187641e+00
1.3250,1.171534e+00
1.3260,1.152151e+00
1.3270,1.129664e+00
1.3280,1.104272e+00
1.3290,1.076196e+00
1.3300,1.045677e+00
1.3310,1.012970e+00
1.3320,9.783443e-01
1.3330,9.420753e-01
1.3340,9.044449e-01
1.3350,8.657360e-01
1.3360,8.262291e-01
1.3370,7.861992e-01
1.3380,7.459131e-01
1.3390,7.056258e-01
1.3400,6.655789e-01
1.3410,6.259981e-01
1.3420,5.870913e-01
1.3430,5.490474e-01
1.3440,5.120351e-01
1.3450,4.762026e-01
1.3460,4.416769e-01
1.3470,4.085640e-01
1.3480,3.769493e-01
1.3490,3.468981e-01
1.3500,3.184565e-01
1.3510,2.916526e-01
1.3520,2.664977e-01
1.3530,2.429877e-01
1.3540,2.211046e-01
1.3550,2.008181e-01
1.3560,1.820872e-01
1.3570,1.648619e-01
1.3580,1.490847e-01
1.3590,1.346922e-01
1.3600,1.216167e-01
1.3610,1.097877e-01
1.3620,9.913272e-02
1.3630,8.957918e-02
1.3640,8.105512e-02
1.3650,7.349039e-02
1.3660,6.681750e-02
1.3670,6.097243e-02
1.3680,5.589538e-02
1.3690,5.153135e-02
1.3700,4.783071e-02
1.3710,4.474965e-02
1.3720,4.225057e-02
1.3730,4.030242e-02
1.3740,3.888102e-02
1.3750,3.796925e-02
1.3760,3.755733e-02
1.3770,3.764293e-02
1.3780,3.823140e-02
1.3790,3.933580e-02
1.3800,4.097709e-02
1.3810,4.318411e-02
1.3820,4.599369e-02
1.3830,4.945054e-02
1.3840,5.360729e-02
1.3850,5.852428e-02
1.3860,6.426942e-02
1.3870,7.091785e-02
1.3880,7.855162e-02
1.3890,8.725918e-02
1.3900,9.713475e-02
1.3910,1.082776e-01
1.3920,1.207910e-01
1.3930,1.347816e-01
1.3940,1.503577e-01
1.3950,1.676280e-01
1.3960,1.867003e-01
1.3970,2.076796e-01
1.3980,2.306661e-01
1.3990,2.557535e-01
1.4000,2.830266e-01
1.4010,3.125591e-01
1.4020,3.444115e-01
1.4030,3.786286e-01
1.4040,4.152370e-01
1.4050,4.542432e-01
1.4060,4.956310e-01
1.4070,5.393600e-01
1.4080,5.853632e-01
1.4090,6.335457e-01
1.4100,6.837835e-01
1.4110,7.359225e-01
1.4120,7.897779e-01
1.4130,8.451344e-01
1.4140,9.017466e-01
1.4150,9.593397e-01
1.4160,1.017611e+00
1.4170,1.076233e+00
1.4180,1.134854e+00
1.4190,1.193103e+00
1.4200,1.250593e+00
1.4210,1.306923e+00
1.4220,1.361686e+00
1.4230,1.414470e+00
1.4240,1.464868e+00
1.4250,1.512476e+00
1.4260,1.556907e+00
1.4270,1.597789e+00
1.4280,1.634774e+00
1.4290,1.667542e+00
1.4300,1.695806e+00
1.4310,1.719316e+00
1.4320,1.737863e+00
1.4330,1.751283e+00
1.4340,1.759458e+00
1.4350,1.762320e+00
1.4360,1.759852e+00
1.4370,1.752085e+00
1.4380,1.739103e+00
1.4390,1.721040e+00
1.4400,1.698076e+00
1.4410,1.670439e+00
1.4420,1.638399e+00
1.4430,1.602264e+00
1.4440,1.562379e+00
1.4450,1.519119e+00
1.4460,1.472887e+00
1.4470,1.424106e+00
1.4480,1.373215e+00
1.4490,1.320667e+00
1.4500,1.266918e+00
1.4510,1.212429e+00
1.4520,1.157658e+00
1.4530,1.103054e+00
1.4540,1.049057e+00
1.4550,9.960928e-01
1.4560,9.445689e-01
1.4570,8.948732e-01
1.4580,8.473714e-01
1.4590,8.024050e-01
1.4600,7.602899e-01
1.4610,7.213156e-01
1.4620,6.857441e-01
1.4630,6.538099e-01
1.4640,6.257191e-01
1.4650,6.016503e-01
1.4660,5.817536e-01
1.4670,5.661519e-01
1.4680,5.549401e-01
1.4690,5.481859e-01
1.4700,5.459300e-01
1.4710,5.481859e-01
1.4720,5.549401e-01
1.4730,5.661519e-01
1.4740,5.817536e-01
1.4750,6.016503e-01
1.4760,6.257192e-01
1.4770,6.538099e-01
1.4780,6.857442e-01
1.4790,7.213156e-01
1.4800,7.602900e-01
1.4810,8.024051e-01
1.4820,8.473715e-01
1.4830,8.948734e-01
1.4840,9.445692e-01
1.4850,9.960932e-01
1.4860,1.049058e+00
1.4870,1.103055e+00
1.4880,1.157659e+00
1.4890,1.212430e+00
1.4900,1.266920e+00
1.4910,1.320669e+00
1.4920,1.373218e+00
1.4930,1.424110e+00
1.4940,1.472892e+00
1.4950,1.519126e+00
1.4960,1.562387e+00
1.4970,1.602275e+00
1.4980,1.638413e+00
1.4990,1.670458e+00
1.5000,1.698101e+00
1.5010,1.721072e+00
1.5020,1.739145e+00
1.5030,1.752139e+00
1.5040,1.759921e+00
1.5050,1.762410e+00
1.5060,1.759572e+00
1.5070,1.751428e+00
1.5080,1.738048e+00
1.5090,1.719550e+00
1.5100,1.696102e+00
1.5110,1.667914e+00
1.5120,1.635241e+00
1.5130,1.598374e+00
1.5140,1.557636e+00
1.5150,1.513382e+00
1.5160,1.465990e+00
1.5170,1.415856e+00
1.5180,1.363393e+00
1.5190,1.309019e+00
1.5200,1.253159e+00
1.5210,1.196235e+00
1.5220,1.138663e+00
1.5230,1.080852e+00
1.5240,1.023196e+00
1.5250,9.660708e-01
1.5260,9.098345e-01
1.5270,8.548225e-01
1.5280,8.013471e-01
1.5290,7.496953e-01
1.5300,7.001293e-01
1.5310,6.528852e-01
1.5320,6.081741e-01
1.5330,5.661824e-01
1.5340,5.270730e-01
1.5350,4.909866e-01
1.5360,4.580433e-01
1.5370,4.283441e-01
1.5380,4.019731e-01
1.5390,3.789991e-01
1.5400,3.594775e-01
1.5410,3.434518e-01
1.5420,3.309555e-01
1.5430,3.220130e-01
1.5440,3.166411e-01
1.5450,3.148493e-01
1.5460,3.166411e-01
1.5470,3.220130e-01
1.5480,3.309555e-01
1.5490,3.434518e-01
1.5500,3.594774e-01
1.5510,3.789990e-01
1.5520,4.019730e-01
1.5530,4.283439e-01
1.5540,4.580430e-01
1.5550,4.909863e-01
1.5560,5.270725e-01
1.5570,5.661817e-01
1.5580,6.081732e-01
1.5590,6.528840e-01
1.5600,7.001277e-01
1.5610,7.496933e-01
1.5620,8.013443e-01
1.5630,8.548189e-01
1.5640,9.098296e-01
1.5650,9.660644e-01
1.5660,1.023188e+00
1.5670,1.080841e+00
1.5680,1.138649e+00
1.5690,1.196216e+00
1.5700,1.253134e+00
1.5710,1.308987e+00
1.5720,1.363352e+00
1.5730,1.415803e+00
1.5740,1.465921e+00
1.5750,1.513294e+00
1.5760,1.557524e+00
1.5770,1.598231e+00
1.5780,1.635060e+00
1.5790,1.667685e+00
1.5800,1.695812e+00
1.5810,1.719186e+00
1.5820,1.737592e+00
1.5830,1.750859e+00
1.5840,1.758863e+00
1.5850,1.761529e+00
1.5860,1.758832e+00
1.5870,1.750795e+00
1.5880,1.737492e+00
1.5890,1.719046e+00
1.5900,1.695624e+00
1.5910,1.667441e+00
1.5920,1.634750e+00
1.5930,1.597840e+00
1.5940,1.557036e+00
1.5950,1.512689e+00
1.5960,1.465175e+00
1.5970,1.414887e+00
1.5980,1.362230e+00
1.5990,1.307621e+00
1.6000,1.251475e+00
1.6010,1.194207e+00
1.6020,1.136226e+00
1.6030,1.077929e+00
1.6040,1.019699e+00
1.6050,9.618986e-01
1.6060,9.048719e-01
1.6070,8.489383e-01
1.6080,7.943925e-01
1.6090,7.415026e-01
1.6100,6.905097e-01
1.6110,6.416280e-01
1.6120,5.950446e-01
1.6130,5.509210e-01
1.6140,5.093936e-01
1.6150,4.705759e-01
1.6160,4.345598e-01
1.6170,4.014181e-01
1.6180,3.712066e-01
1.6190,3.439663e-01
1.6200,3.197257e-01
1.6210,2.985035e-01
1.6220,2.803103e-01
1.6230,2.651512e-01
1.6240,2.530272e-01
1.6250,2.439371e-01
1.6260,2.378788e-01
1.6270,2.348502e-01
1.6280,2.348502e-01
1.6290,2.378787e-01
1.6300,2.439371e-01
1.6310,2.530272e-01
1.6320,2.651512e-01
1.6330,2.803103e-01
1.6340,2.985035e-01
1.6350,3.197257e-01
1.6360,3.439663e-01
1.6370,3.712066e-01
1.6380,4.014181e-01
1.6390,4.345598e-01
1.6400,4.705759e-01
1.6410,5.093936e-01
1.6420,5.509210e-01
1.6430,5.950446e-01
1.6440,6.416279e-01
1.6450,6.905096e-01
1.6460,7.415025e-01
1.6470,7.943924e-01
1.6480,8.489382e-01
1.6490,9.048716e-01
1.6500,9.618983e-01
1.6510,1.019698e+00
1.6520,1.077929e+00
1.6530,1.136226e+00
1.6540,1.194206e+00
1.6550,1.251473e+00
1.6560,1.307619e+00
1.6570,1.362228e+00
1.6580,1.414883e+00
1.6590,1.465170e+00
1.6600,1.512683e+00
1.6610,1.557027e+00
1.6620,1.597829e+00
1.6630,1.634735e+00
1.6640,1.667422e+00
1.6650,1.695600e+00
1.6660,1.719014e+00
1.6670,1.737450e+00
1.6680,1.750741e+00
1.6690,1.758763e+00
1.6700,1.761441e+00
1.6710,1.758751e+00
1.6720,1.750716e+00
1.6730,1.737411e+00
1.6740,1.718957e+00
1.6750,1.695523e+00
1.6760,1.667321e+00
1.6770,1.634604e+00
1.6780,1.597661e+00
1.6790,1.556814e+00
1.6800,1.512414e+00
1.6810,1.464832e+00
1.6820,1.414459e+00
1.6830,1.361698e+00
1.6840,1.306961e+00
1.6850,1.250658e+00
1.6860,1.193198e+00
1.6870,1.134985e+00
1.6880,1.076407e+00
1.6890,1.017836e+00
1.6900,9.596280e-01
1.6910,9.021126e-01
1.6920,8.455959e-01
1.6930,7.903568e-01
1.6940,7.366454e-01
1.6950,6.846830e-01
1.6960,6.346608e-01
1.6970,5.867409e-01
1.6980,5.410567e-01
1.6990,4.977138e-01
1.7000,4.567917e-01
1.7010,4.183458e-01
1.7020,3.824088e-01
1.7030,3.489939e-01
1.7040,3.180965e-01
1.7050,2.896972e-01
1.7060,2.637641e-01
1.7070,2.402559e-01
1.7080,2.191241e-01
1.7090,2.003155e-01
1.7100,1.837749e-01
1.7110,1.694472e-01
1.7120,1.572792e-01
1.7130,1.472220e-01
1.7140,1.392321e-01
1.7150,1.332731e-01
1.7160,1.293166e-01
1.7170,1.273432e-01
1.7180,1.273432e-01
1.7190,1.293166e-01
1.7200,1.332731e-01
1.7210,1.392321e-01
1.7220,1.472220e-01
1.7230,1.572792e-01
1.7240,1.694472e-01
1.7250,1.837749e-01
1.7260,2.003155e-01
1.7270,2.191241e-01
1.7280,2.402559e-01
1.7290,2.637641e-01
1.7300,2.896972e-01
1.7310,3.180965e-01
1.7320,3.489939e-01
1.7330,3.824088e-01
1.7340,4.183458e-01
1.7350,4.567917e-01
1.7360,4.977138e-01
1.7370,5.410567e-01
1.7380,5.867409e-01
1.7390,6.346608e-01
1.7400,6.846830e-01
1.7410,7.366454e-01
1.7420,7.903567e-01
1.7430,8.455959e-01
1.7440,9.021126e-01
1.7450,9.596280e-01
1.7460,1.017836e+00
1.7470,1.076406e+00
1.7480,1.134985e+00
1.7490,1.193198e+00
1.7500,1.250657e+00
1.7510,1.306960e+00
1.7520,1.361698e+00
1.7530,1.414458e+00
1.7540,1.464830e+00
1.7550,1.512412e+00
1.7560,1.556812e+00
1.7570,1.597658e+00
1.7580,1.634600e+00
1.7590,1.667316e+00
1.7600,1.695516e+00
1.7610,1.718948e+00
1.7620,1.737399e+00
1.7630,1.750701e+00
1.7640,1.758732e+00
1.7650,1.761416e+00
1.7660,1.758731e+00
1.7670,1.750699e+00
1.7680,1.737396e+00
1.7690,1.718944e+00
1.7700,1.695510e+00
1.7710,1.667308e+00
1.7720,1.634590e+00
1.7730,1.597644e+00
1.7740,1.556793e+00
1.7750,1.512387e+00
1.7760,1.464798e+00
1.7770,1.414417e+00
1.7780,1.361644e+00
1.7790,1.306891e+00
1.7800,1.250569e+00
1.7810,1.193086e+00
1.7820,1.134842e+00
1.7830,1.076225e+00
1.7840,1.017607e+00
1.7850,9.593387e-01
1.7860,9.017489e-01
1.7870,8.451401e-01
1.7880,7.897873e-01
1.7890,7.359362e-01
1.7900,6.838025e-01
1.7910,6.335711e-01
1.7920,5.853966e-01
1.7930,5.394035e-01
1.7940,4.956871e-01
1.7950,4.543151e-01
1.7960,4.153287e-01
1.7970,3.787452e-01
1.7980,3.445592e-01
1.7990,3.127454e-01
1.8000,2.832608e-01
1.8010,2.560471e-01
1.8020,2.310330e-01
1.8030,2.081365e-01
1.8040,1.872677e-01
1.8050,1.683302e-01
1.8060,1.512239e-01
1.8070,1.358469e-01
1.8080,1.220970e-01
1.8090,1.098734e-01
1.8100,9.907853e-02
1.8110,8.961932e-02
1.8120,8.140817e-02
1.8130,7.436420e-02
1.8140,6.841408e-02
1.8150,6.349284e-02
1.8160,5.954448e-02
1.8170,5.652250e-02
1.8180,5.439033e-02
1.8190,5.312163e-02
1.8200,5.270050e-02
1.8210,5.312163e-02
1.8220,5.439033e-02
1.8230,5.652250e-02
1.8240,5.954448e-02
1.8250,6.349284e-02
1.8260,6.841408e-02
1.8270,7.436420e-02
1.8280,8.140817e-02
1.8290,8.961932e-02
1.8300,9.907853e-02
1.8310,1.098734e-01
1.8320,1.220970e-01
1.8330,1.358469e-01
1.8340,1.512239e-01
1.8350,1.683302e-01
1.8360,1.872677e-01
1.8370,2.081365e-01
1.8380,2.310330e-01
1.8390,2.560471e-01
1.8400,2.832608e-01
1.8410,3.127454e-01
1.8420,3.445592e-01
1.8430,3.787452e-01
1.8440,4.153287e-01
1.8450,4.543151e-01
1.8460,4.956871e-01
1.8470,5.394035e-01
1.8480,5.853966e-01
1.8490,6.335711e-01
1.8500,6.838025e-01
1.8510,7.359362e-01
1.8520,7.897873e-01
1.8530,8.451401e-01
1.8540,9.017488e-01
1.8550,9.593387e-01
1.8560,1.017607e+00
1.8570,1.076225e+00
1.8580,1.134842e+00
1.8590,1.193086e+00
1.8600,1.250569e+00
1.8610,1.306891e+00
1.8620,1.361644e+00
1.8630,1.414417e+00
1.8640,1.464798e+00
1.8650,1.512387e+00
1.8660,1.556793e+00
1.8670,1.597644e+00
1.8680,1.634589e+00
1.8690,1.667308e+00
1.8700,1.695510e+00
1.8710,1.718943e+00
1.8720,1.737396e+00
1.8730,1.750698e+00
1.8740,1.758729e+00
1.8750,1.761415e+00
1.8760,1.758729e+00
1.8770,1.750698e+00
1.8780,1.737396e+00
1.8790,1.718943e+00
1.8800,1.695510e+00
1.8810,1.667308e+00
1.8820,1.634589e+00
1.8830,1.597644e+00
1.8840,1.556793e+00
1.8850,1.512387e+00
1.8860,1.464798e+00
1.8870,1.414416e+00
1.8880,1.361644e+00
1.8890,1.306890e+00
1.8900,1.250568e+00
1.8910,1.193084e+00
1.8920,1.134839e+00
1.8930,1.076221e+00
1.8940,1.017602e+00
1.8950,9.593322e-01
1.8960,9.017404e-01
1.8970,8.451290e-01
1.8980,7.897727e-01
1.8990,7.359172e-01
1.9000,6.837778e-01
1.9010,6.335391e-01
1.9020,5.853552e-01
1.9030,5.393501e-01
1.9040,4.956185e-01
1.9050,4.542272e-01
1.9060,4.152165e-01
1.9070,3.786023e-01
1.9080,3.443778e-01
1.9090,3.125160e-01
1.9100,2.829715e-01
1.9110,2.556834e-01
1.9120,2.305772e-01
1.9130,2.075671e-01
1.9140,1.865585e-01
1.9150,1.674497e-01
1.9160,1.501343e-01
1.9170,1.345027e-01
1.9180,1.204438e-01
1.9190,1.078467e-01
1.9200,9.660187e-02
1.9210,8.660229e-02
1.9220,7.774451e-02
1.9230,6.992941e-02
1.9240,6.306291e-02
1.9250,5.705646e-02
1.9260,5.182746e-02
1.9270,4.729955e-02
1.9280,4.340279e-02
1.9290,4.007380e-02
1.9300,3.725574e-02
1.9310,3.489839e-02
1.9320,3.295804e-02
1.9330,3.139743e-02
1.9340,3.018570e-02
1.9350,2.929828e-02
1.9360,2.871683e-02
1.9370,2.842914e-02
1.9380,2.842914e-02
1.9390,2.871683e-02
1.9400,2.929828e-02
1.9410,3.018570e-02
1.9420,3.139743e-02
1.9430,3.295804e-02
1.9440,3.489839e-02
1.9450,3.725574e-02
1.9460,4.007380e-02
1.9470,4.340279e-02
1.9480,4.729955e-02
1.9490,5.182746e-02
1.9500,5.705646e-02
1.9510,6.306291e-02
1.9520,6.992941e-02
1.9530,7.774451e-02
1.9540,8.660229e-02
1.9550,9.660187e-02
1.9560,1.078467e-01
1.9570,1.204438e-01
1.9580,1.345027e-01
1.9590,1.501343e-01
1.9600,1.674497e-01
1.9610,1.865585e-01
1.9620,2.075671e-01
1.9630,2.305772e-01
1.9640,2.556834e-01
1.9650,2.829715e-01
1.9660,3.125160e-01
1.9670,3.443778e-01
1.9680,3.786023e-01
1.9690,4.152165e-01
1.9700,4.542272e-01
1.9710,4.956185e-01
1.9720,5.393501e-01
1.9730,5.853552e-01
1.9740,6.335391e-01
1.9750,6.837778e-01
1.9760,7.359172e-01
1.9770,7.897727e-01
1.9780,8.451290e-01
1.9790,9.017404e-01
1.9800,9.593322e-01
1.9810,1.017602e+00
1.9820,1.076221e+00
1.9830,1.134839e+00
1.9840,1.193084e+00
1.9850,1.250568e+00
1.9860,1.306890e+00
1.9870,1.361644e+00
1.9880,1.414416e+00
1.9890,1.464798e+00
1.9900,1.512387e+00
1.9910,1.556793e+00
1.9920,1.597644e+00
1.9930,1.634589e+00
1.9940,1.667308e+00
1.9950,1.695510e+00
1.9960,1.718943e+00
1.9970,1.737396e+00
1.9980,1.750698e+00
1.9990,1.758729e+00
2.0000,1.761415e+00
2.0010,1.758729e+00
2.0020,1.750698e+00
2.0030,1.737396e+00
2.0040,1.718943e+00
2.0050,1.695510e+00
2.0060,1.667308e+00
2.0070,1.634589e+00
2.0080,1.597644e+00
2.0090,1.556793e+00
2.0100,1.512387e+00
2.0110,1.464798e+00
2.0120,1.414416e+00
2.0130,1.361644e+00
2.0140,1.306890e+00
2.0150,1.250568e+00
2.0160,1.193084e+00
2.0170,1.134839e+00
2.0180,1.076221e+00
2.0190,1.017602e+00
2.0200,9.593322e-01
2.0210,9.017403e-01
2.0220,8.451288e-01
2.0230,7.897726e-01
2.0240,7.359170e-01
2.0250,6.837775e-01
2.0260,6.335386e-01
2.0270,5.853546e-01
2.0280,5.393492e-01
2.0290,4.956173e-01
2.0300,4.542256e-01
2.0310,4.152144e-01
2.0320,3.785995e-01
2.0330,3.443741e-01
2.0340,3.125111e-01
2.0350,2.829650e-01
2.0360,2.556749e-01
2.0370,2.305659e-01
2.0380,2.075524e-01
2.0390,1.865392e-01
2.0400,1.674247e-01
2.0410,1.501018e-01
2.0420,1.344606e-01
2.0430,1.203895e-01
2.0440,1.077769e-01
2.0450,9.651242e-02
2.0460,8.648797e-02
2.0470,7.759884e-02
2.0480,6.974438e-02
2.0490,6.282860e-02
2.0500,5.676067e-02
2.0510,5.145520e-02
2.0520,4.683249e-02
2.0530,4.281861e-02
2.0540,3.934537e-02
2.0550,3.635025e-02
2.0560,3.377626e-02
2.0570,3.157172e-02
2.0580,2.969001e-02
2.0590,2.808928e-02
2.0600,2.673217e-02
2.0610,2.558547e-02
2.0620,2.461981e-02
2.0630,2.380933e-02
2.0640,2.313135e-02
2.0650,2.256611e-02
2.0660,2.209642e-02
2.0670,2.170742e-02
2.0680,2.138632e-02
2.0690,2.112213e-02
2.0700,2.090549e-02
2.0710,2.072843e-02
2.0720,2.058418e-02
2.0730,2.046705e-02
2.0740,2.037226e-02
2.0750,2.029579e-02
2.0760,2.023431e-02
2.0770,2.018503e-02
2.0780,2.014567e-02
2.0790,2.011432e-02
2.0800,2.008945e-02
2.0810,2.006977e-02
2.0820,2.005425e-02
2.0830,2.004206e-02
2.0840,2.003250e-02
2.0850,2.002504e-02
2.0860,2.001923e-02
2.0870,2.001473e-02
2.0880,2.001124e-02
2.0890,2.000855e-02
2.0900,2.000649e-02
2.0910,2.000491e-02
2.0920,2.000370e-02
2.0930,2.000278e-02
2.0940,2.000208e-02
2.0950,2.000156e-02
2.0960,2.000116e-02
2.0970,2.000086e-02
2.0980,2.000064e-02
2.0990,2.000047e-02
2.1000,2.000035e-02
2.1010,2.000025e-02
2.1020,2.000019e-02
2.1030,2.000014e-02
2.1040,2.000010e-02
2.1050,2.000007e-02
2.1060,2.000005e-02
2.1070,2.000004e-02
2.1080,2.000003e-02
2.1090,2.000002e-02
2.1100,2.000001e-02
2.1110,2.000001e-02
2.1120,2.000001e-02
2.1130,2.000000e-02
2.1140,2.000000e-02
2.1150,2.000000e-02
2.1160,2.000000e-02
2.1170,2.000000e-02
2.1180,2.000000e-02
2.1190,2.000000e-02
2.1200,2.000000e-02
2.1210,2.000000e-02
2.1220,2.000000e-02
2.1230,2.000000e-02
2.1240,2.000000e-02
2.1250,2.000000e-02
2.1260,2.000000e-02
2.1270,2.000000e-02
2.1280,2.000000e-02
2.1290,2.000000e-02
2.1300,2.000000e-02
2.1310,2.000000e-02
2.1320,2.000000e-02
2.1330,2.000000e-02
2.1340,2.000000e-02
2.1350,2.000000e-02
2.1360,2.000000e-02
2.1370,2.000000e-02
2.1380,2.000000e-02
2.1390,2.000000e-02
2.1400,2.000000e-02
2.1410,2.000000e-02
2.1420,2.000000e-02
2.1430,2.000000e-02
2.1440,2.000000e-02
2.1450,2.000000e-02
2.1460,2.000000e-02
2.1470,2.000000e-02
2.1480,2.000000e-02
2.1490,2.000000e-02
2.1500,2.000000e-02
2.1510,2.000000e-02
2.1520,2.000000e-02
2.1530,2.000000e-02
2.1540,2.000000e-02
2.1550,2.000000e-02
2.1560,2.000000e-02
2.1570,2.000000e-02
2.1580,2.000000e-02
2.1590,2.000000e-02
2.1600,2.000000e-02
2.1610,2.000000e-02
2.1620,2.000000e-02
2.1630,2.000000e-02
2.1640,2.000000e-02
2.1650,2.000000e-02
2.1660,2.000000e-02
2.1670,2.000000e-02
2.1680,2.000000e-02
2.1690,2.000000e-02
2.1700,2.000000e-02
2.1710,2.000000e-02
2.1720,2.000000e-02
2.1730,2.000000e-02
2.1740,2.000000e-02
2.1750,2.000000e-02
2.1760,2.000000e-02
2.1770,2.000000e-02
2.1780,2.000000e-02
2.1790,2.000000e-02
2.1800,2.000000e-02
2.1810,2.000000e-02
2.1820,2.000000e-02
2.1830,2.000000e-02
2.1840,2.000000e-02
2.1850,2.000000e-02
2.1860,2.000000e-02
2.1870,2.000000e-02
2.1880,2.000000e-02
2.1890,2.000000e-02
2.1900,2.000000e-02
2.1910,2.000000e-02
2.1920,2.000000e-02
2.1930,2.000000e-02
2.1940,2.000000e-02
2.1950,2.000000e-02
2.1960,2.000000e-02
2.1970,2.000000e-02
2.1980,2.000000e-02
2.1990,2.000000e-02
2.2000,2.000000e-02
2.2010,2.000000e-02
2.2020,2.000000e-02
2.2030,2.000000e-02
2.2040,2.000000e-02
2.2050,2.000000e-02
2.2060,2.000000e-02
2.2070,2.000000e-02
2.2080,2.000000e-02
2.2090,2.000000e-02
2.2100,2.000000e-02
2.2110,2.000000e-02
2.2120,2.000000e-02
2.2130,2.000000e-02
2.2140,2.000000e-02
2.2150,2.000000e-02
2.2160,2.000000e-02
2.2170,2.000000e-02
2.2180,2.000000e-02
2.2190,2.000000e-02
2.2200,2.000000e-02
2.2210,2.000000e-02
2.2220,2.000000e-02
2.2230,2.000000e-02
2.2240,2.000000e-02
2.2250,2.000000e-02
2.2260,2.000000e-02
2.2270,2.000000e-02
2.2280,2.000000e-02
2.2290,2.000000e-02
2.2300,2.000000e-02
2.2310,2.000000e-02
2.2320,2.000000e-02
2.2330,2.000000e-02
2.2340,2.000000e-02
2.2350,2.000000e-02
2.2360,2.000000e-02
2.2370,2.000000e-02
2.2380,2.000000e-02
2.2390,2.000000e-02
2.2400,2.000000e-02
2.2410,2.000000e-02
2.2420,2.000000e-02
2.2430,2.000000e-02
2.2440,2.000000e-02
2.2450,2.000000e-02
2.2460,2.000000e-02
2.2470,2.000000e-02
2.2480,2.000000e-02
2.2490,2.000000e-02
2.2500,2.000000e-02
2.2510,2.000000e-02
2.2520,2.000000e-02
2.2530,2.000000e-02
2.2540,2.000000e-02
2.2550,2.000000e-02
2.2560,2.000000e-02
2.2570,2.000000e-02
2.2580,2.000000e-02
2.2590,2.000000e-02
2.2600,2.000000e-02
2.2610,2.000000e-02
2.2620,2.000000e-02
2.2630,2.000000e-02
2.2640,2.000000e-02
2.2650,2.000000e-02
2.2660,2.000000e-02
2.2670,2.000000e-02
2.2680,2.000000e-02
2.2690,2.000000e-02
2.2700,2.000000e-02
2.2710,2.000000e-02
2.2720,2.000000e-02
2.2730,2.000000e-02
2.2740,2.000000e-02
2.2750,2.000000e-02
2.2760,2.000000e-02
2.2770,2.000000e-02
2.2780,2.000000e-02
2.2790,2.000000e-02
2.2800,2.000000e-02
2.2810,2.000000e-02
2.2820,2.000000e-02
2.2830,2.000000e-02
2.2840,2.000000e-02
2.2850,2.000000e-02
2.2860,2.000000e-02
2.2870,2.000000e-02
2.2880,2.000000e-02
2.2890,2.000000e-02
2.2900,2.000000e-02
2.2910,2.000000e-02
2.2920,2.000000e-02
2.2930,2.000000e-02
2.2940,2.000000e-02
2.2950,2.000000e-02
2.2960,2.000000e-02
2.2970,2.000000e-02
2.2980,2.000000e-02
2.2990,2.000000e-02
2.3000,2.000000e-02
2.3010,2.000000e-02
2.3020,2.000000e-02
2.3030,2.000000e-02
2.3040,2.000000e-02
2.3050,2.000000e-02
2.3060,2.000000e-02
2.3070,2.000000e-02
2.3080,2.000000e-02
2.3090,2.000000e-02
2.3100,2.000000e-02
2.3110,2.000000e-02
2.3120,2.000000e-02
2.3130,2.000000e-02
2.3140,2.000000e-02
2.3150,2.000000e-02
2.3160,2.000000e-02
2.3170,2.000000e-02
2.3180,2.000000e-02
2.3190,2.000000e-02
2.3200,2.000000e-02
2.3210,2.000000e-02
2.3220,2.000000e-02
2.3230,2.000000e-02
2.3240,2.000000e-02
2.3250,2.000000e-02
2.3260,2.000000e-02
2.3270,2.000000e-02
2.3280,2.000000e-02
2.3290,2.000000e-02
2.3300,2.000000e-02
2.3310,2.000000e-02
2.3320,2.000000e-02
2.3330,2.000000e-02
2.3340,2.000000e-02
2.3350,2.000000e-02
2.3360,2.000000e-02
2.3370,2.000000e-02
2.3380,2.000000e-02
2.3390,2.000000e-02
2.3400,2.000000e-02
2.3410,2.000000e-02
2.3420,2.000000e-02
2.3430,2.000000e-02
2.3440,2.000000e-02
2.3450,2.000000e-02
2.3460,2.000000e-02
2.3470,2.000000e-02
2.3480,2.000000e-02
2.3490,2.000000e-02
2.3500,2.000000e-02
2.3510,2.000000e-02
2.3520,2.000000e-02
2.3530,2.000000e-02
2.3540,2.000000e-02
2.3550,2.000000e-02
2.3560,2.000000e-02
2.3570,2.000000e-02
2.3580,2.000000e-02
2.3590,2.000000e-02
2.3600,2.000000e-02
2.3610,2.000000e-02
2.3620,2.000000e-02
2.3630,2.000000e-02
2.3640,2.000000e-02
2.3650,2.000000e-02
2.3660,2.000000e-02
2.3670,2.000000e-02
2.3680,2.000000e-02
2.3690,2.000000e-02
2.3700,2.000000e-02
2.3710,2.000000e-02
2.3720,2.000000e-02
2.3730,2.000000e-02
2.3740,2.000000e-02
2.3750,2.000000e-02
2.3760,2.000000e-02
2.3770,2.000000e-02
2.3780,2.000000e-02
2.3790,2.000000e-02
2.3800,2.000000e-02
2.3810,2.000000e-02
2.3820,2.000000e-02
2.3830,2.000000e-02
2.3840,2.000000e-02
2.3850,2.000000e-02
2.3860,2.000000e-02
2.3870,2.000000e-02
2.3880,2.000000e-02
2.3890,2.000000e-02
2.3900,2.000000e-02
2.3910,2.000000e-02
2.3920,2.000000e-02
2.3930,2.000000e-02
2.3940,2.000000e-02
2.3950,2.000000e-02
2.3960,2.000000e-02
2.3970,2.000000e-02
2.3980,2.000000e-02
2.3990,2.000000e-02
2.4000,2.000000e-02
2.4010,2.000000e-02
2.4020,2.000000e-02
2.4030,2.000000e-02
2.4040,2.000000e-02
2.4050,2.000000e-02
2.4060,2.000000e-02
2.4070,2.000000e-02
2.4080,2.000000e-02
2.4090,2.000000e-02
2.4100,2.000000e-02
2.4110,2.000000e-02
2.4120,2.000000e-02
2.4130,2.000000e-02
2.4140,2.000000e-02
2.4150,2.000000e-02
2.4160,2.000000e-02
2.4170,2.000000e-02
2.4180,2.000000e-02
2.4190,2.000000e-02
2.4200,2.000000e-02
2.4210,2.000000e-02
2.4220,2.000000e-02
2.4230,2.000000e-02
2.4240,2.000000e-02
2.4250,2.000000e-02
2.4260,2.000000e-02
2.4270,2.000000e-02
2.4280,2.000000e-02
2.4290,2.000000e-02
2.4300,2.000000e-02
2.4310,2.000000e-02
2.4320,2.000000e-02
2.4330,2.000000e-02
2.4340,2.000000e-02
2.4350,2.000000e-02
2.4360,2.000000e-02
2.4370,2.000000e-02
2.4380,2.000000e-02
2.4390,2.000000e-02
2.4400,2.000000e-02
2.4410,2.000000e-02
2.4420,2.000000e-02
2.4430,2.000000e-02
2.4440,2.000000e-02
2.4450,2.000000e-02
2.4460,2.000000e-02
2.4470,2.000000e-02
2.4480,2.000000e-02
2.4490,2.000000e-02
2.4500,2.000000e-02
2.4510,2.000000e-02
2.4520,2.000000e-02
2.4530,2.000000e-02
2.4540,2.000000e-02
2.4550,2.000000e-02
2.4560,2.000000e-02
2.4570,2.000000e-02
2.4580,2.000000e-02
2.4590,2.000000e-02
2.4600,2.000000e-02
2.4610,2.000000e-02
2.4620,2.000000e-02
2.4630,2.000000e-02
2.4640,2.000000e-02
2.4650,2.000000e-02
2.4660,2.000000e-02
2.4670,2.000000e-02
2.4680,2.000000e-02
2.4690,2.000000e-02
2.4700,2.000000e-02
2.4710,2.000000e-02
2.4720,2.000000e-02
2.4730,2.000000e-02
2.4740,2.000000e-02
2.4750,2.000000e-02
2.4760,2.000000e-02
2.4770,2.000000e-02
2.4780,2.000000e-02
2.4790,2.000000e-02
2.4800,2.000000e-02
2.4810,2.000000e-02
2.4820,2.000000e-02
2.4830,2.000000e-02
2.4840,2.000000e-02
2.4850,2.000000e-02
2.4860,2.000000e-02
2.4870,2.000000e-02
2.4880,2.000000e-02
2.4890,2.000000e-02
2.4900,2.000000e-02
2.4910,2.000000e-02
2.4920,2.000000e-02
2.4930,2.000000e-02
2.4940,2.000000e-02
2.4950,2.000000e-02
2.4960,2.000000e-02
2.4970,2.000000e-02
2.4980,2.000000e-02
2.4990,2.000000e-02
2.5000,2.000000e-02
2.5010,2.000000e-02
2.5020,2.000000e-02
2.5030,2.000000e-02
2.5040,2.000000e-02
2.5050,2.000000e-02
2.5060,2.000000e-02
2.5070,2.000000e-02
2.5080,2.000000e-02
2.5090,2.000000e-02
2.5100,2.000000e-02
2.5110,2.000000e-02
2.5120,2.000000e-02
2.5130,2.000000e-02
2.5140,2.000000e-02
2.5150,2.000000e-02
2.5160,2.000000e-02
2.5170,2.000000e-02
2.5180,2.000000e-02
2.5190,2.000000e-02
2.5200,2.000000e-02
2.5210,2.000000e-02
2.5220,2.000000e-02
2.5230,2.000000e-02
2.5240,2.000000e-02
2.5250,2.000000e-02
2.5260,2.000000e-02
2.5270,2.000000e-02
2.5280,2.000000e-02
2.5290,2.000000e-02
2.5300,2.000000e-02
2.5310,2.000000e-02
2.5320,2.000000e-02
2.5330,2.000000e-02
2.5340,2.000000e-02
2.5350,2.000000e-02
2.5360,2.000000e-02
2.5370,2.000000e-02
2.5380,2.000000e-02
2.5390,2.000000e-02
2.5400,2.000000e-02
2.5410,2.000000e-02
2.5420,2.000000e-02
2.5430,2.000000e-02
2.5440,2.000000e-02
2.5450,2.000000e-02
2.5460,2.000000e-02
2.5470,2.000000e-02
2.5480,2.000000e-02
2.5490,2.000000e-02
2.5500,2.000000e-02
2.5510,2.000000e-02
2.5520,2.000000e-02
2.5530,2.000000e-02
2.5540,2.000000e-02
2.5550,2.000000e-02
2.5560,2.000000e-02
2.5570,2.000000e-02
2.5580,2.000000e-02
2.5590,2.000000e-02
2.5600,2.000000e-02
2.5610,2.000000e-02
2.5620,2.000000e-02
2.5630,2.000000e-02
2.5640,2.000000e-02
2.5650,2.000000e-02
2.5660,2.000000e-02
2.5670,2.000000e-02
2.5680,2.000000e-02
2.5690,2.000000e-02
2.5700,2.000000e-02
2.5710,2.000000e-02
2.5720,2.000000e-02
2.5730,2.000000e-02
2.5740,2.000000e-02
2.5750,2.000000e-02
2.5760,2.000000e-02
2.5770,2.000000e-02
2.5780,2.000000e-02
2.5790,2.000000e-02
2.5800,2.000000e-02
2.5810,2.000000e-02
2.5820,2.000000e-02
2.5830,2.000000e-02
2.5840,2.000000e-02
2.5850,2.000000e-02
2.5860,2.000000e-02
2.5870,2.000000e-02
2.5880,2.000000e-02
2.5890,2.000000e-02
2.5900,2.000000e-02
2.5910,2.000000e-02
2.5920,2.000000e-02
2.5930,2.000000e-02
2.5940,2.000000e-02
2.5950,2.000000e-02
2.5960,2.000000e-02
2.5970,2.000000e-02
2.5980,2.000000e-02
2.5990,2.000000e-02
2.6000,2.000000e-02
